ano;mes;rondonia;acre;Amazonas;Roraima;para;tocantins;maranhao;piaui;ceara;rn;paraiba;pernambuco;alagoas;sergipe;bahia;mg;es;rj;sp;parana;sc;rg;mt;ms;goias;df
1997 ;Jan;20855 ;562 ;0 ;0 ;2390 ;923 ;1932 ;1187 ;8457 ;3492 ;451 ;6687 ;4761 ;923 ;25868 ;253175 ;22218 ;38513 ;163793 ;72831 ;23853 ;128510 ;18250 ;14102 ;136312 ;7962 
1997 ;fev;17506 ;526 ;0 ;0 ;2115 ;830 ;1332 ;1004 ;7755 ;3063 ;409 ;7412 ;5034 ;824 ;23125 ;220027 ;18885 ;34141 ;143040 ;60981 ;21117 ;106895 ;15931 ;11708 ;115331 ;6058 
1997 ;mar;16040 ;488 ;0 ;0 ;2051 ;823 ;1160 ;1159 ;8953 ;3528 ;485 ;6822 ;4999 ;820 ;24865 ;224150 ;19678 ;36904 ;155553 ;65632 ;22792 ;114050 ;16017 ;11666 ;117500 ;7014 
1997 ;abr;16285 ;516 ;0 ;0 ;2305 ;961 ;1596 ;1135 ;6955 ;4343 ;477 ;3405 ;5909 ;1452 ;23517 ;214286 ;18724 ;37005 ;152691 ;57724 ;20165 ;83375 ;14217 ;10761 ;116442 ;6657 
1997 ;maio;18154 ;653 ;0 ;0 ;3118 ;1078 ;1361 ;1120 ;6943 ;4585 ;496 ;3394 ;6355 ;1394 ;22441 ;219508 ;16488 ;37355 ;160189 ;58474 ;19611 ;81677 ;13285 ;11623 ;113359 ;6690 
1997 ;jun;20383 ;721 ;0 ;0 ;3265 ;1066 ;1194 ;1031 ;6892 ;4197 ;432 ;3353 ;4929 ;1122 ;20647 ;217047 ;13518 ;34395 ;149388 ;60952 ;19246 ;85517 ;12213 ;11625 ;108855 ;7119 
1997 ;jul;23119 ;799 ;0 ;0 ;3970 ;924 ;1125 ;979 ;7879 ;4515 ;477 ;6002 ;4227 ;1431 ;19096 ;237366 ;13353 ;37024 ;163908 ;72344 ;23469 ;107416 ;13495 ;13336 ;116833 ;6863 
1997 ;agos;20871 ;810 ;0 ;0 ;3772 ;1329 ;641 ;959 ;7625 ;4409 ;423 ;4376 ;3458 ;1422 ;18386 ;237067 ;13187 ;37811 ;155953 ;73997 ;25610 ;119027 ;12808 ;12201 ;112928 ;5121 
1997 ;set;24037 ;876 ;0 ;0 ;3806 ;1352 ;725 ;931 ;7627 ;4187 ;445 ;4958 ;4241 ;1217 ;16140 ;219592 ;13284 ;41398 ;152689 ;74805 ;28034 ;124981 ;11853 ;12797 ;102545 ;4974 
1997 ;out;28872 ;812 ;0 ;0 ;5558 ;1070 ;1027 ;952 ;6891 ;4437 ;456 ;3223 ;4229 ;762 ;18697 ;274973 ;14202 ;43808 ;182321 ;84555 ;30607 ;115723 ;14676 ;15268 ;123401 ;6265 
1997 ;nov;27865 ;906 ;0 ;0 ;6067 ;1208 ;1354 ;1041 ;5955 ;4481 ;516 ;3466 ;4432 ;512 ;20641 ;293150 ;15974 ;44193 ;179066 ;75765 ;28259 ;109541 ;16815 ;14985 ;136650 ;4658 
1997 ;dez;27932 ;768 ;0 ;0 ;6323 ;1192 ;1633 ;1026 ;6703 ;4758 ;537 ;3735 ;5586 ;769 ;24043 ;306802 ;18117 ;47754 ;183958 ;77111 ;29496 ;114973 ;17483 ;15407 ;146147 ;4723 
1998 ;Jan;26608 ;757 ;0 ;0 ;7353 ;1449 ;1706 ;1101 ;7227 ;4823 ;649 ;6496 ;6232 ;657 ;25153 ;296015 ;17606 ;45805 ;174331 ;75722 ;29281 ;115158 ;17320 ;16379 ;148135 ;4209 
1998 ;fev;21327 ;754 ;0 ;0 ;6390 ;1331 ;1352 ;1084 ;6448 ;4642 ;561 ;6218 ;5537 ;569 ;22314 ;248174 ;14576 ;39262 ;156123 ;67043 ;25289 ;95641 ;15849 ;14560 ;121677 ;4266 
1998 ;mar;19665 ;712 ;0 ;0 ;6377 ;1381 ;1238 ;1266 ;6810 ;5260 ;657 ;5469 ;4557 ;751 ;23109 ;254371 ;14869 ;42683 ;165757 ;67461 ;25564 ;93757 ;16466 ;15299 ;127838 ;3949 
1998 ;abr;18041 ;722 ;0 ;0 ;6088 ;1325 ;1396 ;1008 ;7156 ;4742 ;649 ;4677 ;4308 ;542 ;21956 ;233904 ;15813 ;38423 ;156565 ;60901 ;23927 ;73680 ;14352 ;13933 ;111339 ;4829 
1998 ;maio;20709 ;782 ;0 ;0 ;6757 ;1442 ;1389 ;1245 ;7154 ;4816 ;716 ;4786 ;4667 ;683 ;21597 ;229457 ;14661 ;38817 ;156231 ;62395 ;24528 ;87623 ;13646 ;13644 ;109472 ;5229 
1998 ;jun;22426 ;902 ;0 ;0 ;6574 ;1408 ;1490 ;1265 ;6646 ;4801 ;740 ;4914 ;5513 ;707 ;20390 ;223641 ;13008 ;37728 ;154690 ;64278 ;26538 ;93353 ;12418 ;12765 ;104078 ;5160 
1998 ;jul;23590 ;977 ;0 ;0 ;7721 ;1300 ;1479 ;1254 ;6054 ;5099 ;735 ;4614 ;7101 ;800 ;19722 ;243892 ;12306 ;37180 ;148983 ;73244 ;30939 ;111888 ;12146 ;12195 ;100392 ;5247 
1998 ;agos;24679 ;1001 ;0 ;0 ;8077 ;1140 ;1204 ;1352 ;7460 ;5390 ;728 ;5550 ;7669 ;787 ;16512 ;262313 ;12844 ;39802 ;144539 ;79073 ;32759 ;120169 ;12900 ;13371 ;111522 ;5557 
1998 ;set;25899 ;983 ;0 ;0 ;7668 ;1170 ;1403 ;1275 ;7622 ;5041 ;746 ;3731 ;6939 ;711 ;14757 ;281215 ;13863 ;41086 ;134214 ;75646 ;33806 ;120953 ;14235 ;14668 ;111013 ;5864 
1998 ;out;29099 ;1006 ;0 ;0 ;8474 ;1316 ;1273 ;1254 ;7575 ;4847 ;756 ;2396 ;5737 ;559 ;15966 ;270510 ;14597 ;44009 ;165789 ;80024 ;34061 ;120501 ;15565 ;17495 ;120179 ;6235 
1998 ;nov;31063 ;967 ;0 ;0 ;13309 ;1590 ;2034 ;1016 ;7296 ;4808 ;689 ;2828 ;5305 ;516 ;20156 ;283245 ;15010 ;43262 ;164741 ;77857 ;31479 ;111363 ;15468 ;18240 ;134503 ;7246 
1998 ;dez;30898 ;905 ;0 ;0 ;8696 ;1676 ;1709 ;972 ;7588 ;4828 ;740 ;2146 ;5156 ;622 ;23120 ;299883 ;15188 ;44481 ;169726 ;76822 ;32409 ;110043 ;17859 ;17709 ;145369 ;7480 
1999 ;Jan;27992 ;769 ;0 ;0 ;8263 ;2693 ;1761 ;869 ;7010 ;4880 ;719 ;2028 ;4703 ;461 ;23587 ;304831 ;13575 ;42984 ;168539 ;79955 ;32759 ;113335 ;19168 ;17556 ;144076 ;6252 
1999 ;fev;23111 ;629 ;0 ;0 ;6864 ;2652 ;1279 ;785 ;6028 ;4399 ;623 ;1812 ;3940 ;327 ;18637 ;256452 ;12104 ;38613 ;150706 ;69497 ;30056 ;101125 ;17116 ;15600 ;126166 ;4597 
1999 ;mar;22528 ;575 ;0 ;0 ;7070 ;2762 ;1461 ;959 ;5943 ;4615 ;722 ;1984 ;3888 ;453 ;21531 ;282508 ;13922 ;41961 ;160198 ;73925 ;30139 ;101854 ;17973 ;16046 ;122563 ;4770 
1999 ;abr;20213 ;0 ;0 ;0 ;7222 ;2706 ;1287 ;897 ;6251 ;4781 ;676 ;1837 ;3846 ;544 ;19962 ;264185 ;12595 ;38440 ;150977 ;74817 ;27719 ;87765 ;14684 ;13757 ;114544 ;4422 
1999 ;maio;22757 ;0 ;0 ;0 ;8098 ;3026 ;1581 ;955 ;7018 ;4844 ;765 ;1980 ;5007 ;614 ;19096 ;256458 ;12498 ;37737 ;155435 ;74636 ;28802 ;95039 ;13076 ;14284 ;110809 ;4522 
1999 ;jun;24573 ;0 ;0 ;0 ;9231 ;2823 ;1734 ;927 ;7471 ;4801 ;720 ;1672 ;7147 ;848 ;18192 ;246596 ;11483 ;36703 ;145346 ;71443 ;28826 ;101374 ;11350 ;12713 ;96573 ;4495 
1999 ;jul;28565 ;0 ;0 ;0 ;9272 ;2609 ;1574 ;919 ;7721 ;4985 ;774 ;2255 ;7608 ;1065 ;18144 ;261440 ;12607 ;38866 ;150174 ;75812 ;34013 ;119606 ;11296 ;13468 ;101202 ;4434 
1999 ;agos;24986 ;0 ;0 ;0 ;9077 ;2306 ;1354 ;929 ;8572 ;5505 ;683 ;1759 ;7785 ;878 ;17208 ;261263 ;12442 ;39317 ;150648 ;80976 ;36974 ;135508 ;10579 ;12100 ;96658 ;4397 
1999 ;set;22158 ;0 ;0 ;0 ;9242 ;2136 ;1217 ;898 ;8009 ;4974 ;690 ;1882 ;7208 ;1030 ;17524 ;257083 ;11507 ;37405 ;151842 ;74204 ;37701 ;135888 ;9807 ;11649 ;89467 ;4109 
1999 ;out;32220 ;0 ;0 ;0 ;11517 ;3234 ;1258 ;980 ;8345 ;5430 ;776 ;1736 ;6034 ;922 ;21317 ;260890 ;11340 ;35972 ;160718 ;74131 ;36003 ;135969 ;10587 ;14914 ;98015 ;4331 
1999 ;nov;36423 ;0 ;0 ;0 ;12143 ;3695 ;1497 ;955 ;7082 ;5385 ;705 ;1722 ;7120 ;934 ;23321 ;272200 ;12000 ;38646 ;155186 ;73289 ;35569 ;126962 ;12054 ;16759 ;119218 ;4226 
1999 ;dez;36096 ;0 ;0 ;0 ;12070 ;4077 ;1583 ;1048 ;6813 ;5242 ;703 ;2495 ;6418 ;1017 ;26715 ;306936 ;13271 ;43344 ;160374 ;74427 ;38068 ;126903 ;14248 ;17648 ;139618 ;4460 
2000 ;Jan;36933 ;0 ;0 ;0 ;10281 ;3694 ;1402 ;1071 ;7003 ;6092 ;739 ;3328 ;6728 ;1052 ;23745 ;310112 ;13171 ;41461 ;187522 ;79251 ;37729 ;130108 ;17465 ;16934 ;144040 ;3056 
2000 ;fev;31028 ;0 ;0 ;0 ;9594 ;3382 ;1531 ;854 ;7338 ;6204 ;701 ;4242 ;6448 ;900 ;22697 ;284740 ;12949 ;39704 ;171760 ;77856 ;35587 ;120931 ;16931 ;16368 ;125589 ;3439 
2000 ;mar;29323 ;0 ;0 ;0 ;9227 ;3469 ;1659 ;956 ;7227 ;6444 ;722 ;4703 ;6620 ;899 ;23402 ;277792 ;13336 ;37875 ;175371 ;78086 ;33657 ;117524 ;17041 ;15346 ;122642 ;4221 
2000 ;abr;24141 ;0 ;0 ;0 ;8985 ;2953 ;1523 ;848 ;6699 ;5931 ;710 ;5475 ;5890 ;580 ;19484 ;250706 ;12561 ;35267 ;163190 ;68921 ;31437 ;105991 ;14583 ;13933 ;115856 ;3603 
2000 ;maio;28028 ;0 ;0 ;0 ;9851 ;3410 ;1682 ;963 ;7997 ;6108 ;805 ;6480 ;6739 ;662 ;19825 ;248973 ;12997 ;36306 ;162479 ;67738 ;33723 ;105813 ;13917 ;14004 ;108988 ;3678 
2000 ;jun;27191 ;0 ;0 ;0 ;10844 ;3386 ;1678 ;897 ;8307 ;5741 ;664 ;5837 ;6738 ;683 ;18210 ;228801 ;11411 ;31459 ;156810 ;70614 ;36344 ;113468 ;12081 ;12530 ;92001 ;4622 
2000 ;jul;27017 ;0 ;0 ;0 ;12293 ;2917 ;1922 ;893 ;9253 ;5864 ;601 ;5805 ;7930 ;704 ;17619 ;237356 ;11802 ;32291 ;175150 ;76440 ;39798 ;131012 ;10584 ;12916 ;90201 ;7084 
2000 ;agos;29177 ;0 ;0 ;0 ;12817 ;3455 ;1940 ;946 ;8865 ;6680 ;663 ;5484 ;8458 ;720 ;20715 ;254022 ;10968 ;34055 ;178121 ;76852 ;43687 ;144224 ;10685 ;12486 ;97299 ;5638 
2000 ;set;33902 ;0 ;0 ;0 ;11740 ;3524 ;2027 ;1017 ;8642 ;6586 ;586 ;5188 ;8119 ;568 ;18460 ;269832 ;10984 ;35205 ;187385 ;81324 ;46278 ;150354 ;11578 ;13864 ;111820 ;4250 
2000 ;out;39461 ;0 ;0 ;0 ;14517 ;4872 ;2257 ;974 ;7803 ;6573 ;598 ;6858 ;8548 ;579 ;20422 ;298839 ;11960 ;39126 ;194013 ;90729 ;48298 ;155241 ;13827 ;17053 ;134197 ;5411 
2000 ;nov;39913 ;0 ;0 ;0 ;14228 ;5069 ;2263 ;894 ;7304 ;6352 ;580 ;8446 ;8113 ;600 ;22212 ;314270 ;12574 ;37611 ;191452 ;88411 ;45356 ;138282 ;16170 ;19346 ;147386 ;4292 
2000 ;dez;38341 ;0 ;0 ;0 ;13478 ;4949 ;2140 ;1029 ;8442 ;6105 ;610 ;7993 ;8760 ;870 ;25531 ;354252 ;13116 ;37953 ;189418 ;89705 ;47385 ;143996 ;19370 ;20117 ;164693 ;6280 
2001 ;Jan;36023 ;0 ;0 ;0 ;13698 ;4759 ;2210 ;936 ;8266 ;6452 ;652 ;8787 ;8714 ;885 ;27084 ;331307 ;12799 ;36949 ;197911 ;90620 ;47386 ;150674 ;19204 ;18844 ;164674 ;3821 
2001 ;fev;28780 ;0 ;0 ;0 ;12195 ;4234 ;1649 ;833 ;6488 ;5970 ;533 ;7312 ;6679 ;923 ;23314 ;278570 ;11561 ;32183 ;164675 ;79183 ;39441 ;123852 ;17319 ;17735 ;141268 ;2816 
2001 ;mar;28672 ;0 ;0 ;0 ;12231 ;4303 ;1343 ;956 ;7660 ;6851 ;650 ;7068 ;6873 ;654 ;23342 ;294618 ;12926 ;36139 ;182220 ;80943 ;39428 ;126300 ;19284 ;18508 ;144898 ;4103 
2001 ;abr;28406 ;0 ;0 ;0 ;11922 ;5178 ;1743 ;875 ;7657 ;6333 ;628 ;7480 ;6824 ;1207 ;21968 ;291843 ;12261 ;34751 ;171633 ;73168 ;36283 ;110676 ;15693 ;17166 ;136455 ;3945 
2001 ;maio;31173 ;0 ;0 ;0 ;14054 ;4882 ;2485 ;926 ;8206 ;6738 ;648 ;7963 ;7462 ;1376 ;21527 ;282273 ;12548 ;33798 ;178432 ;76882 ;38633 ;112719 ;15116 ;16639 ;135420 ;4312 
2001 ;jun;34863 ;0 ;0 ;0 ;15893 ;5498 ;2510 ;913 ;7219 ;6490 ;650 ;8835 ;8010 ;1341 ;20101 ;293709 ;13685 ;33378 ;173531 ;77287 ;42651 ;130224 ;14449 ;16668 ;136920 ;3913 
2001 ;jul;36119 ;0 ;0 ;0 ;15290 ;5324 ;2924 ;1001 ;7495 ;6770 ;678 ;9325 ;10427 ;2293 ;20577 ;299814 ;15389 ;37530 ;178123 ;93519 ;46619 ;147012 ;13573 ;16517 ;136268 ;4276 
2001 ;agos;33571 ;0 ;0 ;0 ;14525 ;4475 ;2466 ;994 ;6798 ;6903 ;596 ;9556 ;9958 ;2358 ;18758 ;298208 ;15139 ;37875 ;177718 ;97345 ;51015 ;165999 ;13292 ;15308 ;130458 ;3314 
2001 ;set;34525 ;0 ;0 ;0 ;13476 ;4063 ;3009 ;966 ;6464 ;6519 ;594 ;8325 ;8829 ;2071 ;18100 ;294978 ;14244 ;36765 ;182400 ;96171 ;51278 ;161144 ;12702 ;15551 ;125340 ;4497 
2001 ;out;20303 ;0 ;0 ;0 ;15696 ;5292 ;3250 ;1002 ;6415 ;6910 ;618 ;7044 ;8000 ;1386 ;17888 ;335230 ;15350 ;37970 ;200440 ;93486 ;54188 ;156219 ;15079 ;19434 ;143262 ;3701 
2001 ;nov;34637 ;0 ;0 ;0 ;14524 ;5832 ;3209 ;979 ;6588 ;6783 ;599 ;7302 ;7775 ;972 ;20161 ;346138 ;16184 ;37551 ;191237 ;85158 ;51937 ;144933 ;16606 ;20506 ;152274 ;4040 
2001 ;dez;39204 ;0 ;0 ;0 ;14724 ;6146 ;3511 ;967 ;6744 ;6576 ;681 ;7433 ;6654 ;766 ;21442 ;353910 ;16909 ;37306 ;180116 ;91228 ;52562 ;150133 ;19449 ;20487 ;166351 ;3431 
2002 ;Jan;38060 ;0 ;0 ;0 ;13753 ;7614 ;2922 ;1144 ;7877 ;7033 ;833 ;8111 ;8126 ;1152 ;22926 ;333335 ;16401 ;36963 ;198365 ;91505 ;48827 ;142402 ;19151 ;22040 ;163635 ;2432 
2002 ;fev;30763 ;0 ;0 ;0 ;12462 ;3949 ;2444 ;982 ;7975 ;6625 ;802 ;9620 ;8747 ;1173 ;21660 ;281592 ;14259 ;32129 ;184888 ;77305 ;44144 ;126134 ;16779 ;21039 ;139047 ;2564 
2002 ;mar;31547 ;0 ;0 ;0 ;12876 ;4246 ;2370 ;981 ;6817 ;7471 ;756 ;8575 ;8593 ;1125 ;22025 ;296010 ;15393 ;33493 ;189825 ;83044 ;44186 ;126325 ;17372 ;20513 ;141180 ;2976 
2002 ;abr;30326 ;624 ;0 ;0 ;12241 ;4014 ;2428 ;976 ;7332 ;7231 ;816 ;7919 ;7484 ;1184 ;20054 ;299375 ;15265 ;30132 ;196685 ;79546 ;42514 ;114456 ;16047 ;19255 ;142312 ;1896 
2002 ;maio;35438 ;710 ;0 ;0 ;13433 ;4490 ;2707 ;966 ;6772 ;7027 ;823 ;7881 ;8378 ;1210 ;19766 ;288845 ;15814 ;28837 ;206750 ;80990 ;42812 ;112711 ;15640 ;19538 ;139399 ;1996 
2002 ;jun;36460 ;806 ;0 ;0 ;14931 ;4627 ;2524 ;1005 ;6833 ;6636 ;813 ;7324 ;8197 ;1457 ;17326 ;283194 ;15769 ;27542 ;197771 ;84927 ;43745 ;117565 ;15026 ;18311 ;124282 ;1964 
2002 ;jul;34449 ;785 ;0 ;0 ;15918 ;4442 ;2414 ;1047 ;6834 ;6642 ;792 ;8101 ;7830 ;3105 ;17328 ;289371 ;16130 ;29500 ;194561 ;93261 ;46393 ;135644 ;13171 ;17272 ;117019 ;2124 
2002 ;agos;38372 ;786 ;0 ;0 ;15991 ;4191 ;2299 ;1084 ;6523 ;7050 ;752 ;7940 ;7076 ;2366 ;16886 ;301549 ;16285 ;30596 ;195876 ;102280 ;47420 ;146576 ;13917 ;17383 ;114681 ;2180 
2002 ;set;41497 ;857 ;0 ;0 ;14929 ;3793 ;1818 ;1037 ;6381 ;6332 ;766 ;7496 ;6404 ;2198 ;15473 ;285266 ;15622 ;31411 ;187441 ;93710 ;45791 ;150277 ;13435 ;18302 ;106479 ;2177 
2002 ;out;45460 ;870 ;0 ;0 ;17347 ;5988 ;2285 ;1115 ;7733 ;6210 ;795 ;6887 ;6251 ;1599 ;14781 ;306690 ;18070 ;34178 ;194788 ;95773 ;49885 ;143903 ;0 ;21885 ;119135 ;0 
2002 ;nov;46204 ;842 ;0 ;0 ;17491 ;5820 ;2898 ;1052 ;7675 ;5888 ;813 ;6208 ;5835 ;1322 ;16019 ;319855 ;20505 ;33503 ;208268 ;92971 ;47513 ;125099 ;0 ;23234 ;139902 ;0 
2002 ;dez;48207 ;806 ;0 ;0 ;17823 ;6750 ;3525 ;1044 ;8100 ;6155 ;833 ;8460 ;6391 ;1380 ;19469 ;349303 ;20599 ;34546 ;227949 ;95428 ;51288 ;128503 ;0 ;25220 ;166218 ;0 
2003 ;Jan;48764 ;0 ;0 ;0 ;16329 ;6707 ;3971 ;902 ;7587 ;6428 ;868 ;9397 ;6774 ;2128 ;21259 ;350493 ;20515 ;33339 ;227520 ;103040 ;57367 ;127918 ;19861 ;25188 ;178577 ;995 
2003 ;fev;40052 ;0 ;0 ;0 ;14325 ;5920 ;3491 ;942 ;7616 ;6243 ;772 ;8908 ;6558 ;1939 ;18912 ;295701 ;15903 ;30871 ;195878 ;94091 ;47806 ;111688 ;18353 ;21949 ;149112 ;779 
2003 ;mar;37297 ;0 ;0 ;0 ;14150 ;6244 ;3835 ;968 ;7338 ;6527 ;870 ;11345 ;7892 ;2111 ;17185 ;316852 ;15936 ;32086 ;202039 ;97972 ;47839 ;113383 ;18594 ;22231 ;151976 ;921 
2003 ;abr;32040 ;541 ;0 ;0 ;13297 ;6025 ;3566 ;924 ;6607 ;6591 ;832 ;9308 ;6770 ;1938 ;17223 ;304882 ;15252 ;30895 ;189337 ;84511 ;40960 ;102157 ;15988 ;20541 ;145283 ;886 
2003 ;maio;37437 ;675 ;0 ;0 ;15069 ;6690 ;3840 ;977 ;6551 ;6782 ;906 ;6982 ;7697 ;2501 ;20814 ;297571 ;16532 ;30068 ;188554 ;85720 ;41937 ;100079 ;14813 ;21004 ;133849 ;981 
2003 ;jun;43551 ;812 ;0 ;0 ;15509 ;6718 ;3858 ;916 ;6174 ;6062 ;649 ;5998 ;8446 ;2303 ;18766 ;281214 ;15256 ;28762 ;186893 ;91188 ;43710 ;111069 ;13889 ;19963 ;122722 ;943 
2003 ;jul;44195 ;922 ;0 ;0 ;15762 ;6633 ;3730 ;916 ;7276 ;6383 ;691 ;5834 ;7851 ;2498 ;19652 ;279290 ;14287 ;28087 ;196259 ;100456 ;50971 ;139311 ;0 ;17907 ;113806 ;0 
2003 ;agos;39314 ;896 ;0 ;0 ;16152 ;6215 ;3398 ;932 ;7692 ;5930 ;735 ;5939 ;6986 ;2452 ;19334 ;293497 ;15993 ;29179 ;189880 ;103274 ;54467 ;152714 ;0 ;16743 ;111975 ;0 
2003 ;set;41299 ;893 ;0 ;0 ;17087 ;6927 ;3711 ;922 ;8280 ;5724 ;641 ;6513 ;7243 ;2156 ;14701 ;288213 ;16037 ;30654 ;183598 ;98475 ;55907 ;148888 ;0 ;19069 ;106928 ;0 
2003 ;out;51481 ;1040 ;0 ;0 ;18730 ;7170 ;3925 ;933 ;7512 ;5817 ;684 ;6690 ;7463 ;2025 ;11982 ;320612 ;16518 ;37762 ;192453 ;104941 ;59381 ;150519 ;0 ;23380 ;122184 ;0 
2003 ;nov;51440 ;1026 ;0 ;0 ;17734 ;7589 ;4178 ;1005 ;7284 ;5777 ;710 ;6492 ;7918 ;1969 ;13057 ;353131 ;18996 ;39177 ;192048 ;103195 ;57771 ;137809 ;0 ;25114 ;143700 ;0 
2003 ;dez;52769 ;1044 ;0 ;0 ;17687 ;7732 ;4263 ;1041 ;7122 ;5806 ;687 ;7081 ;7686 ;2307 ;19379 ;402146 ;20331 ;41167 ;208442 ;104546 ;60108 ;144923 ;0 ;27153 ;164544 ;0 
2004 ;Jan;50434 ;930 ;0 ;0 ;16677 ;7488 ;4015 ;1103 ;4931 ;5686 ;1916 ;5874 ;8683 ;1897 ;23074 ;382635 ;19949 ;33566 ;208155 ;103905 ;56812 ;143203 ;0 ;26628 ;163126 ;0 
2004 ;fev;41210 ;778 ;0 ;0 ;13428 ;6320 ;3636 ;1104 ;5804 ;5941 ;2221 ;4860 ;9824 ;1751 ;22429 ;350040 ;18437 ;26519 ;192142 ;98514 ;49742 ;123507 ;0 ;23376 ;144452 ;0 
2004 ;mar;37237 ;698 ;0 ;0 ;13293 ;5790 ;3579 ;1361 ;6873 ;6418 ;2544 ;5902 ;9179 ;1819 ;24368 ;343317 ;18988 ;28078 ;202123 ;97466 ;48357 ;112612 ;0 ;23809 ;144035 ;0 
2004 ;abr;35659 ;647 ;0 ;0 ;13836 ;5737 ;3425 ;1216 ;6045 ;6331 ;2673 ;5138 ;8108 ;2623 ;19693 ;311496 ;18271 ;26079 ;194264 ;92352 ;46569 ;98254 ;0 ;21556 ;131370 ;0 
2004 ;maio;41400 ;743 ;0 ;0 ;14951 ;5752 ;4120 ;1268 ;6733 ;6608 ;2746 ;5829 ;8018 ;2904 ;17682 ;316781 ;18272 ;27015 ;199743 ;90207 ;49426 ;108459 ;0 ;22135 ;141644 ;0 
2004 ;jun;38955 ;864 ;0 ;0 ;18203 ;6277 ;3984 ;1301 ;7572 ;6231 ;2720 ;6589 ;9275 ;3231 ;16812 ;313062 ;17104 ;26616 ;191062 ;90237 ;53272 ;124680 ;0 ;20560 ;125260 ;0 
2004 ;jul;43684 ;1012 ;0 ;0 ;18253 ;6278 ;3887 ;1319 ;8035 ;6383 ;2964 ;8622 ;10044 ;3348 ;17893 ;335315 ;17830 ;29307 ;194225 ;104817 ;57269 ;148285 ;0 ;21493 ;126821 ;0 
2004 ;agos;39526 ;1020 ;0 ;0 ;17588 ;5298 ;3644 ;1261 ;8114 ;6362 ;3031 ;7890 ;8966 ;3022 ;15763 ;318558 ;16751 ;29487 ;201591 ;112566 ;62833 ;169524 ;0 ;20583 ;115426 ;0 
2004 ;set;43130 ;1069 ;0 ;0 ;18710 ;5820 ;3798 ;1379 ;8013 ;6318 ;3024 ;7300 ;7938 ;2906 ;14280 ;327277 ;17428 ;30058 ;190391 ;105818 ;63976 ;170770 ;0 ;20371 ;118475 ;0 
2004 ;out;52311 ;1103 ;0 ;0 ;18962 ;6878 ;2898 ;1376 ;8114 ;6616 ;3225 ;8337 ;8307 ;2986 ;11765 ;353249 ;17120 ;32282 ;202572 ;110420 ;65767 ;162721 ;0 ;21983 ;131912 ;0 
2004 ;nov;56463 ;1091 ;0 ;0 ;19866 ;7903 ;3456 ;1393 ;7838 ;6469 ;3420 ;7772 ;8273 ;2963 ;18251 ;397258 ;19922 ;35817 ;208729 ;110913 ;62956 ;146067 ;0 ;26979 ;171864 ;0 
2004 ;dez;57755 ;1040 ;0 ;0 ;20351 ;8073 ;3807 ;1367 ;8251 ;6831 ;3609 ;9529 ;10175 ;3690 ;24313 ;423154 ;22774 ;36491 ;223594 ;119465 ;66131 ;155410 ;0 ;28493 ;196200 ;0 
2005 ;Jan;56530 ;965 ;0 ;0 ;19637 ;8466 ;4155 ;1314 ;9396 ;6765 ;3192 ;10975 ;10347 ;4611 ;26195 ;430338 ;21998 ;38102 ;214825 ;115260 ;66162 ;152499 ;21677 ;30427 ;186082 ;1153 
2005 ;fev;46581 ;769 ;0 ;0 ;17357 ;7922 ;3928 ;1262 ;8671 ;6240 ;3025 ;10036 ;10026 ;4607 ;26572 ;369793 ;19537 ;30397 ;179901 ;100845 ;60012 ;136399 ;20631 ;26373 ;159810 ;1026 
2005 ;mar;45411 ;760 ;0 ;0 ;17108 ;7309 ;4396 ;1233 ;8600 ;6748 ;3312 ;10906 ;10218 ;4568 ;26256 ;376280 ;19394 ;31121 ;184327 ;108293 ;59752 ;139271 ;19832 ;26427 ;169669 ;1188 
2005 ;abr;44421 ;692 ;0 ;0 ;16935 ;7655 ;4100 ;1308 ;10028 ;6417 ;3367 ;12422 ;10683 ;5359 ;25664 ;357114 ;18433 ;30470 ;185439 ;105473 ;58471 ;138357 ;19585 ;27588 ;173175 ;1236 
2005 ;maio;47559 ;742 ;0 ;0 ;18542 ;7944 ;4214 ;1303 ;11150 ;6278 ;3414 ;12478 ;10696 ;5980 ;26001 ;357989 ;19484 ;32730 ;198574 ;110077 ;60516 ;149904 ;20028 ;28563 ;162357 ;1226 
2005 ;jun;46045 ;883 ;0 ;0 ;20299 ;8257 ;4115 ;1446 ;9211 ;6235 ;3240 ;11777 ;10701 ;5906 ;25370 ;380399 ;19512 ;33556 ;185579 ;117480 ;62814 ;158757 ;19388 ;27326 ;154122 ;1369 
2005 ;jul;37183 ;0 ;0 ;0 ;17286 ;7438 ;3899 ;1496 ;9679 ;6288 ;3526 ;12191 ;10762 ;6113 ;28351 ;402464 ;20308 ;34247 ;187080 ;119720 ;68546 ;176238 ;17665 ;24847 ;162082 ;1335 
2005 ;agos;37949 ;0 ;0 ;0 ;15868 ;6155 ;2978 ;1616 ;10043 ;6472 ;3713 ;11112 ;10155 ;5723 ;27466 ;387911 ;20442 ;37408 ;196139 ;124519 ;73926 ;190484 ;16688 ;20957 ;154504 ;1473 
2005 ;set;37643 ;0 ;0 ;0 ;14559 ;4561 ;2780 ;1595 ;10540 ;6287 ;3586 ;10667 ;9344 ;5515 ;26714 ;383330 ;20180 ;36489 ;191841 ;118208 ;73036 ;183004 ;14194 ;19499 ;159839 ;1413 
2005 ;out;49645 ;0 ;0 ;0 ;17725 ;6391 ;3229 ;1792 ;11198 ;6445 ;3831 ;9771 ;9030 ;4842 ;24943 ;417809 ;21827 ;38202 ;192455 ;121053 ;78681 ;192787 ;19996 ;26579 ;174756 ;1451 
2005 ;nov;58844 ;0 ;0 ;0 ;19523 ;6860 ;3462 ;1730 ;10226 ;6556 ;3750 ;9357 ;9494 ;4632 ;29567 ;419725 ;24023 ;39278 ;195564 ;115956 ;76027 ;176109 ;23788 ;29799 ;180579 ;1337 
2005 ;dez;61061 ;0 ;0 ;0 ;20654 ;8418 ;5264 ;1879 ;10775 ;6584 ;3987 ;11219 ;10109 ;5273 ;32207 ;417774 ;25266 ;39356 ;188133 ;118792 ;79110 ;185662 ;25378 ;31473 ;199966 ;1361 
2006 ;Jan;58666 ;938 ;0 ;0 ;18145 ;8231 ;4920 ;1798 ;11853 ;6310 ;3711 ;12523 ;9875 ;5282 ;35015 ;434687 ;20629 ;35715 ;185890 ;119166 ;81565 ;187401 ;23291 ;29786 ;197646 ;1152 
2006 ;fev;47793 ;760 ;0 ;0 ;17251 ;6426 ;3882 ;1631 ;10243 ;5956 ;3201 ;10541 ;9371 ;4449 ;25956 ;371838 ;16818 ;31677 ;165309 ;110958 ;73750 ;169934 ;19222 ;26954 ;171927 ;1021 
2006 ;mar;52065 ;795 ;0 ;0 ;16788 ;7052 ;4066 ;1802 ;12439 ;6673 ;3623 ;12056 ;9782 ;4684 ;29812 ;415482 ;19825 ;32323 ;179875 ;114778 ;76852 ;166775 ;20260 ;28769 ;185143 ;1226 
2006 ;abr;43307 ;728 ;0 ;0 ;15540 ;6681 ;2993 ;1593 ;11300 ;6213 ;3569 ;12853 ;8754 ;4986 ;30284 ;386704 ;19094 ;32298 ;176263 ;111153 ;72258 ;148526 ;19995 ;26823 ;177273 ;1144 
2006 ;maio;46619 ;810 ;0 ;0 ;17569 ;6829 ;2908 ;1671 ;11806 ;6443 ;3552 ;14555 ;9335 ;5794 ;28196 ;370519 ;18586 ;34037 ;175737 ;104437 ;71613 ;154341 ;18170 ;27601 ;177815 ;1132 
2006 ;jun;46644 ;933 ;0 ;0 ;19120 ;6346 ;3241 ;1726 ;11185 ;6330 ;3469 ;14568 ;8910 ;6613 ;22087 ;347154 ;16389 ;34227 ;165508 ;103188 ;75773 ;168956 ;16877 ;25636 ;161144 ;1146 
2006 ;jul;40524 ;783 ;0 ;0 ;20106 ;5889 ;4036 ;1827 ;10391 ;6445 ;3543 ;14599 ;8531 ;6579 ;20999 ;360531 ;17578 ;32819 ;167295 ;117374 ;80174 ;205812 ;15689 ;23859 ;153277 ;1328 
2006 ;agos;34500 ;786 ;0 ;0 ;18817 ;5257 ;3586 ;1860 ;11043 ;6682 ;3624 ;13723 ;7144 ;6450 ;17509 ;360420 ;17050 ;34025 ;168970 ;126345 ;87572 ;210878 ;14019 ;22288 ;159543 ;1437 
2006 ;set;35812 ;862 ;0 ;0 ;16426 ;5069 ;3393 ;1803 ;11369 ;6462 ;3711 ;12322 ;7340 ;5552 ;12981 ;343322 ;15981 ;30594 ;170162 ;121458 ;85662 ;207770 ;13978 ;22931 ;162061 ;1469 
2006 ;out;54048 ;916 ;0 ;0 ;20800 ;6163 ;4541 ;1883 ;12171 ;6512 ;3727 ;13659 ;7160 ;5550 ;16976 ;422956 ;19005 ;38012 ;186153 ;123667 ;87846 ;214225 ;16548 ;30302 ;180872 ;1646 
2006 ;nov;59066 ;975 ;0 ;0 ;24694 ;7167 ;5350 ;1858 ;12536 ;6536 ;3495 ;13596 ;8376 ;5868 ;21051 ;433697 ;20190 ;39990 ;183922 ;122343 ;87277 ;201249 ;19636 ;33281 ;211549 ;1558 
2006 ;dez;61259 ;920 ;0 ;0 ;24672 ;9423 ;6090 ;1926 ;12417 ;6636 ;3417 ;15118 ;8431 ;5874 ;23343 ;447608 ;21861 ;41417 ;188621 ;134687 ;96121 ;216636 ;22689 ;35688 ;228317 ;1430 
2007 ;Jan;64846 ;877 ;0 ;0 ;23439 ;10397 ;5811 ;1885 ;12992 ;6471 ;4335 ;16597 ;8158 ;4878 ;23750 ;448137 ;22052 ;38481 ;196359 ;127893 ;95103 ;230914 ;24033 ;37005 ;223704 ;1329 
2007 ;fev;54257 ;769 ;0 ;0 ;21738 ;7613 ;5298 ;1671 ;10848 ;6059 ;4001 ;14683 ;7940 ;4411 ;21847 ;387852 ;20118 ;33060 ;171263 ;118807 ;81281 ;190335 ;20065 ;32542 ;187365 ;1166 
2007 ;mar;53969 ;715 ;0 ;0 ;22478 ;7788 ;5405 ;1694 ;12849 ;6610 ;4343 ;17879 ;9602 ;6255 ;26151 ;397364 ;20733 ;31627 ;183354 ;122120 ;81612 ;186285 ;21527 ;34233 ;188712 ;1282 
2007 ;abr;49506 ;801 ;0 ;0 ;20132 ;7290 ;5080 ;1478 ;11121 ;6348 ;3663 ;16944 ;9157 ;5454 ;24002 ;378717 ;17828 ;32136 ;169534 ;106269 ;77106 ;164947 ;18698 ;32857 ;172679 ;1234 
2007 ;maio;53612 ;868 ;0 ;0 ;22123 ;8215 ;5175 ;1473 ;13263 ;6754 ;4192 ;17477 ;10902 ;6132 ;24627 ;392505 ;19013 ;32931 ;170253 ;103031 ;74984 ;167055 ;17989 ;36860 ;168353 ;1376 
2007 ;jun;49902 ;1008 ;0 ;0 ;23585 ;8502 ;5393 ;1457 ;12097 ;6885 ;3841 ;17519 ;11884 ;6271 ;22943 ;370824 ;17160 ;30507 ;167960 ;107076 ;80358 ;177865 ;16356 ;31987 ;152066 ;1415 
2007 ;jul;48036 ;960 ;0 ;0 ;24485 ;8415 ;5601 ;1570 ;12178 ;6615 ;3819 ;17422 ;10887 ;6065 ;21669 ;388102 ;14687 ;31070 ;185234 ;117684 ;107443 ;217125 ;14526 ;29960 ;158835 ;1548 
2007 ;agos;49961 ;937 ;0 ;0 ;24629 ;9060 ;5062 ;1719 ;14064 ;6735 ;3873 ;17725 ;10393 ;6510 ;22274 ;395403 ;13740 ;31621 ;194321 ;128297 ;93814 ;244418 ;15237 ;30434 ;167011 ;1642 
2007 ;set;46969 ;970 ;0 ;0 ;20736 ;7811 ;3788 ;1692 ;13958 ;6566 ;3785 ;17668 ;9836 ;6709 ;22886 ;420827 ;14607 ;32362 ;193575 ;136256 ;101130 ;240592 ;14925 ;29127 ;170633 ;1522 
2007 ;out;66510 ;1267 ;0 ;0 ;24909 ;9218 ;4182 ;1785 ;14500 ;6760 ;3961 ;17510 ;11760 ;6505 ;24165 ;457638 ;15326 ;27438 ;191898 ;133745 ;102651 ;238435 ;16705 ;34983 ;178499 ;1414 
2007 ;nov;75218 ;1306 ;0 ;0 ;26397 ;11599 ;4955 ;1648 ;11682 ;6691 ;3852 ;14132 ;7658 ;6157 ;24250 ;474993 ;15144 ;32342 ;196940 ;131066 ;93035 ;219652 ;21080 ;40808 ;183462 ;1378 
2007 ;dez;78970 ;1308 ;0 ;0 ;29072 ;12599 ;5086 ;1669 ;12379 ;6921 ;3950 ;16944 ;9032 ;6703 ;30597 ;514962 ;19653 ;39258 ;205685 ;141647 ;97946 ;235105 ;24588 ;43908 ;213185 ;1480 
2008 ;Jan;73442 ;1090 ;0 ;0 ;30863 ;13075 ;4934 ;1601 ;13950 ;6885 ;4310 ;14852 ;9924 ;6882 ;31655 ;497689 ;20476 ;36893 ;205157 ;150174 ;110720 ;242195 ;23750 ;43740 ;222115 ;1374 
2008 ;fev;62570 ;969 ;0 ;0 ;27459 ;11858 ;4494 ;1502 ;13572 ;6519 ;4211 ;14582 ;9537 ;6936 ;29103 ;464865 ;19447 ;33391 ;187929 ;133980 ;99616 ;209638 ;20792 ;39610 ;200471 ;1258 
2008 ;mar;59882 ;979 ;0 ;0 ;26318 ;11431 ;5258 ;1438 ;15049 ;6648 ;4209 ;15871 ;10298 ;7721 ;31547 ;460721 ;19880 ;34747 ;193673 ;136239 ;96308 ;216493 ;17224 ;39574 ;199171 ;1181 
2008 ;abr;57228 ;851 ;0 ;0 ;25305 ;10929 ;4763 ;1228 ;15096 ;6665 ;4132 ;18362 ;11978 ;10039 ;33129 ;452354 ;20423 ;36275 ;184100 ;122334 ;87974 ;195040 ;19147 ;38782 ;208921 ;1208 
2008 ;maio;61347 ;971 ;0 ;0 ;28042 ;11868 ;4876 ;1213 ;14926 ;6807 ;4430 ;18680 ;11549 ;10187 ;28490 ;464577 ;18924 ;35891 ;193779 ;127030 ;90569 ;201064 ;16011 ;38892 ;196565 ;1264 
2008 ;jun;63777 ;1010 ;0 ;0 ;28615 ;11857 ;4832 ;1189 ;14940 ;6626 ;4132 ;16163 ;11881 ;9589 ;25547 ;431925 ;16883 ;29640 ;183160 ;133958 ;95936 ;216880 ;17021 ;36981 ;177292 ;1127 
2008 ;jul;56717 ;1067 ;0 ;0 ;27581 ;11639 ;4309 ;1242 ;13885 ;6563 ;4749 ;12744 ;10887 ;7892 ;27604 ;436716 ;16258 ;26787 ;191784 ;147586 ;114072 ;250406 ;13716 ;34779 ;173864 ;1232 
2008 ;agos;51335 ;1117 ;0 ;0 ;25371 ;8328 ;4056 ;1295 ;14600 ;6289 ;4051 ;12326 ;10082 ;7181 ;24768 ;419579 ;15156 ;23278 ;189855 ;160269 ;122018 ;259823 ;13969 ;31144 ;166063 ;1209 
2008 ;set;30080 ;1047 ;0 ;0 ;24524 ;7380 ;4007 ;1301 ;14973 ;6362 ;3918 ;12104 ;9665 ;6056 ;21486 ;402991 ;15124 ;19155 ;182964 ;160748 ;120353 ;260998 ;13886 ;29909 ;158842 ;1224 
2008 ;out;59564 ;1180 ;0 ;0 ;29235 ;6989 ;5350 ;1357 ;15801 ;6421 ;3540 ;11327 ;7516 ;5652 ;20331 ;425642 ;18719 ;21923 ;191614 ;157953 ;119451 ;250345 ;14910 ;33917 ;172316 ;1421 
2008 ;nov;70762 ;1233 ;0 ;0 ;29340 ;8917 ;5446 ;1327 ;15873 ;6358 ;3449 ;11378 ;7432 ;5396 ;21434 ;428347 ;20371 ;23687 ;193035 ;160640 ;113773 ;233469 ;17246 ;40361 ;197899 ;1351 
2008 ;dez;78879 ;1201 ;0 ;0 ;29645 ;9524 ;6460 ;1373 ;16835 ;6547 ;4080 ;12179 ;8436 ;5744 ;25783 ;454013 ;23437 ;25234 ;197228 ;160926 ;118404 ;249636 ;18307 ;44125 ;228330 ;1364 
2009 ;Jan;82071 ;1128 ;0 ;0 ;27891 ;10216 ;5920 ;1266 ;16693 ;6336 ;4001 ;11802 ;8155 ;5434 ;33389 ;456419 ;24376 ;23744 ;197637 ;162498 ;135177 ;250720 ;21953 ;49133 ;219840 ;1342 
2009 ;fev;72026 ;886 ;0 ;0 ;25425 ;9466 ;4716 ;1127 ;16030 ;6187 ;3720 ;11455 ;7734 ;4901 ;29578 ;412738 ;21771 ;18715 ;160036 ;157238 ;118917 ;229763 ;19973 ;43091 ;188405 ;1170 
2009 ;mar;72164 ;754 ;0 ;0 ;26384 ;8673 ;4044 ;1181 ;18132 ;6668 ;3997 ;13263 ;8985 ;5344 ;28303 ;434983 ;22064 ;18893 ;166396 ;156646 ;115689 ;227687 ;20794 ;45632 ;202156 ;1382 
2009 ;abr;62014 ;719 ;0 ;0 ;23164 ;8651 ;4121 ;936 ;14791 ;5846 ;3785 ;13655 ;8421 ;4717 ;26765 ;390239 ;21849 ;19521 ;158317 ;140622 ;96472 ;196188 ;16571 ;38914 ;194423 ;1908 
2009 ;maio;65776 ;756 ;0 ;0 ;24258 ;9201 ;4299 ;806 ;14187 ;6234 ;4072 ;16207 ;9706 ;5744 ;27747 ;382988 ;21146 ;19349 ;162367 ;136991 ;92205 ;185677 ;15296 ;39369 ;187952 ;2055 
2009 ;jun;69280 ;890 ;0 ;0 ;27078 ;10027 ;4057 ;873 ;15120 ;6111 ;3788 ;15016 ;9293 ;6356 ;26732 ;364351 ;20105 ;19608 ;168820 ;133219 ;88799 ;187729 ;14656 ;38806 ;174618 ;2053 
2009 ;jul;71102 ;1002 ;0 ;0 ;29708 ;10258 ;4964 ;908 ;16480 ;6184 ;3696 ;14645 ;9128 ;6558 ;28194 ;408216 ;21960 ;23341 ;164433 ;158146 ;111034 ;224092 ;14874 ;39385 ;183034 ;2165 
2009 ;agos;66329 ;962 ;0 ;0 ;29613 ;9521 ;4087 ;1063 ;16736 ;6321 ;3472 ;14799 ;8518 ;6163 ;26816 ;425742 ;21787 ;24968 ;175852 ;173326 ;121353 ;261246 ;15685 ;38320 ;186623 ;2074 
2009 ;set;67401 ;913 ;0 ;0 ;30159 ;10491 ;3710 ;1014 ;16946 ;6148 ;3508 ;14469 ;7656 ;5723 ;26059 ;433050 ;21875 ;24125 ;175756 ;188795 ;126003 ;270913 ;17098 ;40882 ;205513 ;2222 
2009 ;out;79834 ;974 ;0 ;0 ;31288 ;11701 ;3304 ;1201 ;18121 ;6369 ;3736 ;10940 ;7983 ;5731 ;25871 ;503726 ;23864 ;24958 ;188729 ;184866 ;131512 ;249581 ;17576 ;44323 ;216328 ;2470 
2009 ;nov;83426 ;1073 ;0 ;0 ;32218 ;12460 ;3438 ;1224 ;17361 ;6438 ;3761 ;12776 ;7554 ;5800 ;31640 ;505896 ;26703 ;25059 ;193915 ;185672 ;122762 ;230762 ;20356 ;47706 ;222778 ;2189 
2009 ;dez;87021 ;1091 ;0 ;0 ;30691 ;13633 ;4262 ;1170 ;17293 ;6682 ;4255 ;13353 ;8238 ;5868 ;32894 ;524613 ;28177 ;25255 ;201561 ;188245 ;129925 ;248078 ;22224 ;50026 ;233355 ;2528 
2010 ;Jan;79848 ;1044 ;0 ;0 ;29285 ;12420 ;4521 ;1291 ;17742 ;6151 ;4267 ;21862 ;8458 ;7071 ;33437 ;503845 ;26450 ;22828 ;198645 ;194992 ;128044 ;273468 ;22921 ;49747 ;229306 ;2319 
2010 ;fev;64167 ;880 ;0 ;0 ;25707 ;11387 ;5097 ;1070 ;16437 ;6046 ;3998 ;18832 ;8176 ;6558 ;29135 ;438822 ;22366 ;21422 ;181499 ;177634 ;113037 ;216706 ;20323 ;43502 ;199201 ;2044 
2010 ;mar;64126 ;812 ;0 ;0 ;27824 ;11353 ;5360 ;950 ;16278 ;6327 ;4406 ;20079 ;8682 ;7504 ;31734 ;482648 ;27011 ;22195 ;196132 ;188789 ;118065 ;237853 ;19986 ;45007 ;210349 ;1919 
2010 ;abr;60262 ;794 ;0 ;0 ;22327 ;10478 ;5552 ;843 ;16955 ;6383 ;3944 ;21506 ;7293 ;6825 ;32601 ;469265 ;26487 ;21085 ;181073 ;176809 ;109658 ;206666 ;18110 ;41957 ;206192 ;2045 
2010 ;maio;63799 ;851 ;0 ;0 ;24697 ;10807 ;6114 ;815 ;17755 ;6530 ;3951 ;23039 ;9080 ;7228 ;32619 ;458690 ;26569 ;26394 ;179589 ;175142 ;114939 ;198790 ;16416 ;41670 ;185509 ;1906 
2010 ;jun;68713 ;839 ;0 ;0 ;25801 ;12207 ;6429 ;841 ;16038 ;6182 ;3725 ;20848 ;8713 ;6962 ;30873 ;432035 ;25730 ;24380 ;177495 ;177716 ;125798 ;223877 ;15803 ;39931 ;165850 ;1991 
2010 ;jul;64149 ;728 ;0 ;0 ;28036 ;11430 ;5737 ;845 ;18131 ;6911 ;4275 ;21719 ;8871 ;7219 ;29974 ;464499 ;25684 ;27362 ;190974 ;214089 ;137531 ;266917 ;15130 ;37952 ;164854 ;2175 
2010 ;agos;53608 ;615 ;0 ;0 ;25426 ;9449 ;5489 ;941 ;18463 ;6750 ;3942 ;20374 ;8895 ;7417 ;29961 ;460560 ;25488 ;29573 ;195635 ;211322 ;145129 ;283488 ;14636 ;34591 ;163401 ;2210 
2010 ;set;53289 ;685 ;0 ;0 ;21037 ;7184 ;5052 ;974 ;18504 ;6295 ;3635 ;18520 ;8235 ;7131 ;28418 ;431456 ;22010 ;26682 ;188642 ;206995 ;147453 ;268628 ;14230 ;32835 ;160670 ;2264 
2010 ;out;64960 ;910 ;0 ;0 ;23324 ;7690 ;3016 ;1082 ;19474 ;5921 ;3718 ;16712 ;8207 ;6672 ;29323 ;458341 ;24418 ;29544 ;199861 ;203722 ;147744 ;275981 ;15552 ;40689 ;179373 ;2435 
2010 ;nov;75821 ;973 ;0 ;0 ;29234 ;10865 ;4154 ;934 ;19628 ;5851 ;4058 ;20442 ;8283 ;7133 ;34249 ;491109 ;26983 ;31312 ;211482 ;209468 ;144342 ;253544 ;17759 ;48639 ;205577 ;2503 
2010 ;dez;80127 ;995 ;0 ;0 ;29590 ;11236 ;4498 ;988 ;20539 ;6096 ;4333 ;21169 ;8637 ;7781 ;38734 ;514558 ;29837 ;32123 ;215051 ;213585 ;148523 ;272057 ;20015 ;54433 ;233674 ;2511 
2011 ;Jan;77203 ;924 ;304 ;14 ;24686 ;11847 ;5168 ;936 ;21646 ;5818 ;4379 ;20822 ;9342 ;11204 ;41776 ;532374 ;30184 ;32858 ;207206 ;209932 ;150130 ;281043 ;23312 ;53917 ;226316 ;2337 
2011 ;fev;64991 ;808 ;277 ;24 ;21835 ;10189 ;4287 ;777 ;21066 ;5613 ;4130 ;20631 ;8755 ;10030 ;38901 ;453402 ;24638 ;27874 ;189155 ;189240 ;133736 ;234541 ;19711 ;48545 ;195751 ;2103 
2011 ;mar;64370 ;852 ;280 ;24 ;21724 ;10386 ;4599 ;826 ;22933 ;6155 ;4426 ;23628 ;9336 ;11432 ;38049 ;466391 ;27453 ;28916 ;198005 ;189395 ;135350 ;231666 ;21677 ;49496 ;201620 ;2273 
2011 ;abr;57260 ;727 ;263 ;22 ;23744 ;8530 ;4543 ;719 ;20103 ;6110 ;4433 ;23478 ;8429 ;10447 ;36851 ;449594 ;25935 ;28662 ;188831 ;176875 ;122148 ;202851 ;19067 ;45163 ;189838 ;2198 
2011 ;maio;61704 ;824 ;270 ;25 ;26822 ;8985 ;5374 ;735 ;19988 ;6168 ;4335 ;25564 ;8766 ;11817 ;35551 ;452501 ;24975 ;26472 ;197505 ;188362 ;132054 ;219665 ;18202 ;45489 ;188895 ;2205 
2011 ;jun;55207 ;873 ;281 ;22 ;27521 ;9157 ;5501 ;808 ;18741 ;6281 ;4306 ;24113 ;8447 ;10372 ;32573 ;428733 ;22449 ;25261 ;202486 ;185373 ;143285 ;249748 ;15416 ;40498 ;168143 ;2173 
2011 ;jul;52888 ;854 ;312 ;21 ;27656 ;9962 ;6154 ;776 ;19499 ;5936 ;4271 ;22306 ;7887 ;9554 ;30747 ;455941 ;22146 ;24392 ;218486 ;197749 ;150380 ;268412 ;13916 ;39058 ;158284 ;2351 
2011 ;agos;45867 ;839 ;301 ;25 ;26254 ;9065 ;5816 ;798 ;20563 ;5494 ;4355 ;21630 ;7603 ;9283 ;28258 ;455935 ;22363 ;25487 ;220780 ;214843 ;159105 ;298093 ;14586 ;36053 ;162621 ;2459 
2011 ;set;56061 ;903 ;345 ;22 ;23354 ;7531 ;4817 ;736 ;20303 ;5180 ;4002 ;21394 ;7410 ;8505 ;27264 ;449364 ;20946 ;27525 ;219361 ;208093 ;160274 ;302944 ;15094 ;35646 ;160482 ;2342 
2011 ;out;75095 ;1054 ;426 ;36 ;25391 ;9085 ;4496 ;823 ;21282 ;5362 ;3787 ;22337 ;8039 ;9722 ;26119 ;456796 ;23100 ;24449 ;216535 ;223556 ;170383 ;311255 ;11423 ;43293 ;178299 ;2384 
2011 ;nov;83679 ;1234 ;456 ;40 ;29391 ;12015 ;5858 ;862 ;23254 ;5469 ;4298 ;23663 ;8488 ;11047 ;32730 ;514538 ;25239 ;26889 ;224610 ;217363 ;164970 ;293534 ;12856 ;50148 ;194102 ;2517 
2011 ;dez;88633 ;1285 ;456 ;45 ;30001 ;11967 ;6301 ;866 ;23084 ;5454 ;4477 ;23784 ;8307 ;11755 ;39763 ;533193 ;26216 ;28100 ;232146 ;228870 ;174072 ;302403 ;15438 ;55206 ;212754 ;2543 
2012 ;Jan;78435 ;1221 ;314 ;50 ;25128 ;11378 ;6080 ;851 ;20964 ;5106 ;4734 ;25246 ;8387 ;12352 ;37482 ;532598 ;28128 ;35297 ;204057 ;219828 ;174043 ;302996 ;17549 ;55843 ;210781 ;2443 
2012 ;fev;66312 ;1012 ;323 ;50 ;22024 ;9585 ;5587 ;823 ;20295 ;4599 ;4642 ;23787 ;7471 ;11540 ;32667 ;480359 ;24933 ;30535 ;184048 ;207571 ;164230 ;283245 ;16595 ;52262 ;193838 ;2179 
2012 ;mar;64235 ;944 ;323 ;49 ;21805 ;9846 ;5865 ;928 ;22104 ;5211 ;5056 ;25867 ;7815 ;11946 ;30368 ;476184 ;24903 ;30511 ;197033 ;219170 ;170407 ;291427 ;18418 ;53656 ;198780 ;2246 
2012 ;abr;57143 ;884 ;375 ;49 ;23220 ;9055 ;5711 ;830 ;19979 ;4976 ;4675 ;22310 ;6637 ;9299 ;20844 ;434180 ;24610 ;30928 ;180454 ;193365 ;150752 ;261268 ;18277 ;49445 ;189346 ;2065 
2012 ;maio;60561 ;1010 ;408 ;55 ;25592 ;10182 ;6422 ;886 ;17933 ;4554 ;5139 ;21182 ;5383 ;8423 ;24584 ;434186 ;24972 ;31794 ;184362 ;202230 ;160209 ;263853 ;18461 ;50068 ;192024 ;2054 
2012 ;jun;60702 ;1081 ;452 ;53 ;27190 ;10559 ;6714 ;933 ;16820 ;4393 ;3453 ;21459 ;5806 ;8571 ;24600 ;428197 ;24563 ;32302 ;190226 ;198177 ;164479 ;274288 ;17385 ;49123 ;187259 ;1965 
2012 ;jul;63093 ;1181 ;505 ;124 ;27761 ;9933 ;6307 ;1400 ;17318 ;5199 ;3531 ;22858 ;6938 ;10067 ;26705 ;433360 ;24384 ;30909 ;199033 ;224169 ;186467 ;315967 ;16678 ;46929 ;187392 ;1473 
2012 ;agos;52288 ;1279 ;466 ;127 ;25103 ;8684 ;5602 ;1357 ;17154 ;5036 ;3578 ;24443 ;7119 ;10474 ;25392 ;430703 ;24670 ;32943 ;198356 ;230135 ;198214 ;345692 ;17206 ;40198 ;177049 ;1230 
2012 ;set;45288 ;1268 ;409 ;127 ;21405 ;6901 ;4365 ;1177 ;19622 ;5127 ;3317 ;21913 ;5866 ;9046 ;25187 ;422297 ;24580 ;30361 ;190070 ;215557 ;181759 ;321142 ;14362 ;36472 ;168134 ;1233 
2012 ;out;66073 ;1488 ;474 ;124 ;24660 ;8362 ;4898 ;1337 ;19089 ;4833 ;3379 ;22391 ;6082 ;8255 ;26135 ;468724 ;23953 ;31255 ;193173 ;222417 ;182833 ;301798 ;17049 ;44523 ;179479 ;1170 
2012 ;nov;75074 ;1492 ;498 ;127 ;26517 ;10368 ;5967 ;1316 ;17995 ;4744 ;3195 ;20710 ;5976 ;7951 ;26914 ;471626 ;25002 ;33652 ;200192 ;222381 ;183723 ;291719 ;18484 ;50762 ;194004 ;1056 
2012 ;dez;79445 ;1486 ;526 ;126 ;27066 ;11894 ;6305 ;1378 ;17480 ;5001 ;3341 ;19773 ;6493 ;8813 ;30609 ;534402 ;27510 ;36707 ;211031 ;234352 ;186704 ;298213 ;19476 ;55093 ;212516 ;1178 
2013 ;Jan;73248 ;1217 ;509 ;145 ;25785 ;11517 ;6293 ;1293 ;16335 ;4111 ;3119 ;19181 ;6150 ;9477 ;26989 ;522330 ;25661 ;42336 ;211715 ;259196 ;188672 ;306622 ;19951 ;53924 ;208676 ;1123 
2013 ;fev;61237 ;1041 ;432 ;116 ;23665 ;10321 ;5788 ;1215 ;13881 ;3647 ;2839 ;16550 ;5210 ;9241 ;27242 ;456437 ;25213 ;37327 ;188213 ;222407 ;161945 ;257821 ;16905 ;47978 ;185700 ;995 
2013 ;mar;60945 ;834 ;361 ;125 ;25115 ;10648 ;5762 ;1262 ;14012 ;3612 ;2784 ;16450 ;5699 ;8351 ;26223 ;478758 ;24230 ;42268 ;202883 ;230034 ;162200 ;265036 ;17775 ;49723 ;195687 ;991 
2013 ;abr;61404 ;796 ;476 ;142 ;24263 ;10233 ;5930 ;1200 ;16410 ;3622 ;2916 ;16012 ;5526 ;7321 ;24565 ;461455 ;23263 ;40457 ;198131 ;213014 ;147028 ;235058 ;16841 ;47717 ;191716 ;988 
2013 ;maio;63329 ;888 ;459 ;134 ;26074 ;11324 ;6473 ;1263 ;18898 ;3762 ;3416 ;17610 ;5626 ;8976 ;27103 ;478474 ;21662 ;38653 ;189571 ;205777 ;151828 ;238072 ;15412 ;47729 ;183519 ;944 
2013 ;jun;67302 ;984 ;461 ;140 ;27739 ;11556 ;6756 ;1197 ;19331 ;3974 ;3574 ;17247 ;6141 ;10367 ;26716 ;475591 ;21583 ;38283 ;196881 ;210817 ;156921 ;265616 ;14426 ;46085 ;183672 ;885 
2013 ;jul;67871 ;1114 ;482 ;148 ;27988 ;11751 ;7049 ;1318 ;20501 ;4122 ;3750 ;18102 ;6726 ;11702 ;26591 ;527556 ;23159 ;41602 ;213077 ;231348 ;183035 ;292312 ;15371 ;45802 ;195307 ;991 
2013 ;agos;56698 ;1044 ;445 ;134 ;27410 ;10364 ;6829 ;1471 ;20643 ;4031 ;3926 ;18820 ;7121 ;12711 ;29013 ;507543 ;23173 ;42107 ;223306 ;246302 ;195956 ;314403 ;13839 ;42484 ;192805 ;996 
2013 ;set;55649 ;1097 ;434 ;125 ;26609 ;10427 ;6150 ;1335 ;19694 ;4080 ;3486 ;17801 ;6385 ;10924 ;28092 ;518562 ;23047 ;40934 ;219549 ;244807 ;197408 ;321560 ;13912 ;41797 ;193718 ;1004 
2013 ;out;68672 ;1158 ;474 ;135 ;27923 ;11657 ;6537 ;1417 ;21526 ;4262 ;3737 ;17425 ;6596 ;12119 ;26545 ;569516 ;26848 ;42988 ;229141 ;240697 ;194871 ;331309 ;17030 ;51887 ;225981 ;1087 
2013 ;nov;69123 ;1164 ;476 ;135 ;28636 ;12479 ;7042 ;1359 ;20928 ;4137 ;3685 ;17904 ;6782 ;13050 ;27326 ;589580 ;30996 ;43088 ;226839 ;249840 ;187561 ;312215 ;18115 ;58689 ;238833 ;1117 
2013 ;dez;76949 ;1180 ;488 ;135 ;29229 ;13680 ;7351 ;1490 ;20290 ;4040 ;4070 ;18828 ;6562 ;13604 ;30125 ;585200 ;34011 ;46307 ;232204 ;264099 ;190240 ;319941 ;18233 ;61188 ;250249 ;1148 
2014 ;Jan;74526 ;1019 ;464 ;116 ;29719 ;13072 ;6944 ;1418 ;21330 ;3826 ;4014 ;18975 ;6582 ;12887 ;33774 ;616834 ;31303 ;45856 ;222724 ;258689 ;189208 ;308036 ;19567 ;60128 ;247312 ;1160 
2014 ;fev;60214 ;837 ;393 ;107 ;24641 ;10962 ;6323 ;1320 ;19502 ;3444 ;3705 ;16552 ;5884 ;10948 ;31351 ;525914 ;27183 ;41052 ;196107 ;228192 ;163363 ;264714 ;17558 ;50903 ;209577 ;1054 
2014 ;mar;57752 ;800 ;370 ;103 ;24825 ;11543 ;7296 ;1565 ;20256 ;3727 ;4106 ;17377 ;5701 ;12305 ;29594 ;563386 ;29064 ;45740 ;215995 ;239063 ;165955 ;277110 ;18339 ;52305 ;232376 ;1017 
2014 ;abr;54793 ;717 ;449 ;111 ;23390 ;10408 ;7046 ;1410 ;21554 ;3728 ;4288 ;17409 ;5860 ;11380 ;31757 ;540893 ;26455 ;43432 ;188765 ;219220 ;155443 ;257281 ;16450 ;49803 ;217734 ;1024 
2014 ;maio;61325 ;735 ;498 ;138 ;25863 ;11660 ;7775 ;1557 ;22688 ;4101 ;4643 ;20108 ;7568 ;13648 ;31718 ;541482 ;25341 ;41540 ;194853 ;223163 ;170515 ;259224 ;16350 ;52513 ;207945 ;966 
2014 ;jun;64243 ;888 ;530 ;134 ;27265 ;11535 ;7461 ;1506 ;22655 ;3987 ;4458 ;19999 ;7239 ;13857 ;30312 ;505365 ;22987 ;41031 ;204486 ;231149 ;179460 ;265933 ;14828 ;51880 ;204564 ;1007 
2014 ;jul;61433 ;1034 ;581 ;126 ;27534 ;10717 ;6288 ;1641 ;22964 ;4104 ;4791 ;20671 ;6090 ;14409 ;28812 ;520123 ;24690 ;41316 ;211481 ;251842 ;197218 ;290816 ;14393 ;46350 ;207390 ;879 
2014 ;agos;56802 ;1038 ;557 ;107 ;25154 ;8970 ;7024 ;1593 ;23901 ;4195 ;4804 ;19712 ;6458 ;14910 ;30586 ;537549 ;24982 ;40284 ;216761 ;264526 ;230597 ;329936 ;14363 ;44078 ;214627 ;869 
2014 ;set;54607 ;1070 ;563 ;122 ;23921 ;7726 ;6859 ;1792 ;23442 ;4294 ;4938 ;17564 ;6131 ;14600 ;30780 ;526490 ;23938 ;41377 ;209534 ;260488 ;228585 ;326769 ;14440 ;44306 ;209919 ;906 
2014 ;out;69312 ;1112 ;403 ;143 ;26751 ;9624 ;7201 ;1840 ;24423 ;4392 ;4939 ;19428 ;6804 ;16607 ;26671 ;550245 ;24308 ;40904 ;213574 ;260868 ;227219 ;286059 ;18295 ;52000 ;224793 ;984 
2014 ;nov;72110 ;1263 ;434 ;146 ;24521 ;10730 ;6891 ;1764 ;23757 ;4358 ;4620 ;19223 ;7697 ;16715 ;26211 ;566267 ;28318 ;43986 ;221340 ;260071 ;212579 ;273321 ;20404 ;55301 ;248908 ;1114 
2014 ;dez;72970 ;1312 ;410 ;154 ;27814 ;10999 ;7343 ;1745 ;24434 ;4413 ;4719 ;20616 ;7843 ;16871 ;32062 ;594964 ;32399 ;45199 ;229173 ;274814 ;219580 ;291548 ;21473 ;58431 ;259992 ;1143 
2015 ;Jan;69910 ;1035 ;415 ;144 ;22492 ;10514 ;7645 ;1713 ;23090 ;4214 ;4415 ;20227 ;6001 ;14459 ;33265 ;597663 ;27510 ;46210 ;214452 ;272956 ;212334 ;310831 ;18515 ;55521 ;231085 ;1102 
2015 ;fev;58107 ;867 ;353 ;101 ;19356 ;8985 ;6885 ;1448 ;20811 ;3808 ;4045 ;18350 ;4772 ;11957 ;28320 ;523491 ;24519 ;44174 ;188846 ;230373 ;174245 ;258973 ;17096 ;46568 ;202178 ;1087 
2015 ;mar;57079 ;895 ;347 ;110 ;19194 ;9624 ;6728 ;1561 ;23294 ;3934 ;4658 ;19889 ;5121 ;13090 ;31891 ;562848 ;26784 ;42992 ;212906 ;244891 ;182117 ;278479 ;17045 ;47915 ;213389 ;1181 
2015 ;abr;50998 ;766 ;326 ;162 ;20504 ;9179 ;6328 ;1398 ;20838 ;3748 ;4835 ;19438 ;5071 ;12231 ;27178 ;515056 ;24113 ;44005 ;192440 ;207864 ;168792 ;256036 ;15758 ;44093 ;198948 ;919 
2015 ;maio;55091 ;846 ;326 ;183 ;21420 ;9791 ;6769 ;1470 ;21127 ;3930 ;4608 ;19809 ;4907 ;12968 ;27960 ;504315 ;23160 ;43576 ;207923 ;206413 ;180896 ;269025 ;14065 ;45252 ;199423 ;928 
2015 ;jun;59528 ;934 ;314 ;163 ;20655 ;9904 ;6603 ;1379 ;21575 ;3712 ;4362 ;21020 ;5388 ;14353 ;27679 ;488178 ;23048 ;43324 ;215235 ;217607 ;191666 ;289301 ;14602 ;44055 ;182756 ;917 
2015 ;jul;59331 ;1062 ;0 ;0 ;20864 ;9084 ;5898 ;1423 ;22977 ;3941 ;4635 ;22023 ;6648 ;15446 ;27940 ;522314 ;24123 ;38940 ;218593 ;234282 ;198107 ;301377 ;15493 ;41408 ;187485 ;910 
2015 ;agos;47760 ;1041 ;0 ;0 ;20255 ;7848 ;5092 ;1403 ;23378 ;3957 ;4514 ;22405 ;7383 ;14791 ;28718 ;511437 ;23560 ;39930 ;222395 ;247585 ;214645 ;321307 ;15364 ;38503 ;193547 ;915 
2015 ;set;49334 ;1096 ;0 ;0 ;17108 ;7419 ;3833 ;1531 ;21897 ;3802 ;4039 ;20859 ;6945 ;14066 ;25666 ;514600 ;22276 ;43127 ;218692 ;242560 ;214679 ;308889 ;15241 ;36889 ;192099 ;905 
2015 ;out;59204 ;1204 ;272 ;91 ;17095 ;7795 ;2828 ;1533 ;21558 ;3896 ;4204 ;19730 ;6239 ;14078 ;23545 ;552649 ;22088 ;48397 ;242615 ;243084 ;207411 ;304284 ;15364 ;44784 ;209120 ;856 
2015 ;nov;63180 ;1273 ;266 ;97 ;18084 ;8743 ;2876 ;1312 ;20027 ;3672 ;3668 ;19451 ;5745 ;13638 ;23956 ;552891 ;22341 ;50517 ;236265 ;247098 ;200249 ;291776 ;15222 ;49465 ;213419 ;798 
2015 ;dez;69385 ;1394 ;282 ;87 ;19315 ;10168 ;3134 ;1351 ;16740 ;3578 ;3642 ;18254 ;5817 ;14072 ;26332 ;596988 ;26978 ;54589 ;237115 ;243545 ;203251 ;298044 ;15943 ;53835 ;226141 ;832 
2016 ;Jan;67549 ;1084 ;0 ;0 ;20463 ;11040 ;3563 ;1323 ;17177 ;3521 ;3497 ;18848 ;5012 ;14365 ;26729 ;558610 ;28496 ;50291 ;218454 ;237888 ;206885 ;287193 ;16349 ;53810 ;218433 ;821 
2016 ;fev;58816 ;940 ;0 ;0 ;20030 ;10170 ;3686 ;1316 ;17872 ;3363 ;3833 ;19179 ;5079 ;14818 ;29066 ;511054 ;27651 ;46291 ;198824 ;219531 ;181909 ;260205 ;14960 ;48228 ;193624 ;792 
2016 ;mar;57067 ;923 ;0 ;0 ;19465 ;9944 ;3952 ;1265 ;17796 ;3434 ;4001 ;19570 ;4518 ;14531 ;27026 ;516826 ;26682 ;45452 ;200757 ;216702 ;189126 ;261702 ;15151 ;46756 ;194325 ;746 
2016 ;abr;53682 ;827 ;305 ;64 ;20018 ;10242 ;4526 ;1181 ;18611 ;3749 ;4248 ;17801 ;3880 ;14129 ;23948 ;484342 ;20714 ;42570 ;194623 ;199767 ;170961 ;229551 ;14844 ;43736 ;169876 ;774 
2016 ;maio;57319 ;869 ;295 ;55 ;21022 ;10820 ;4546 ;1253 ;19262 ;3930 ;4646 ;20420 ;3880 ;13639 ;21882 ;471488 ;18680 ;42632 ;194334 ;202028 ;178186 ;233704 ;11388 ;42752 ;162278 ;755 
2016 ;jun;54822 ;922 ;307 ;28 ;21658 ;10847 ;4562 ;1274 ;18687 ;3643 ;3933 ;21162 ;4297 ;13936 ;20453 ;458659 ;16900 ;41354 ;200866 ;200749 ;178517 ;244992 ;10617 ;39162 ;155422 ;722 
2016 ;jul;54056 ;904 ;339 ;26 ;21103 ;10410 ;4815 ;1329 ;19104 ;5004 ;3538 ;22096 ;4866 ;16180 ;22820 ;489557 ;16716 ;47480 ;224191 ;227696 ;211151 ;273940 ;10945 ;35371 ;172871 ;594 
2016 ;agos;44653 ;832 ;309 ;45 ;19092 ;8350 ;4158 ;1381 ;18124 ;5099 ;3362 ;20876 ;4459 ;14562 ;25984 ;500318 ;17296 ;44230 ;216812 ;249818 ;240194 ;306855 ;10870 ;32859 ;197416 ;613 
2016 ;set;46718 ;908 ;330 ;43 ;19385 ;7809 ;3533 ;1310 ;17012 ;5024 ;3277 ;19926 ;4180 ;13165 ;26033 ;494259 ;16264 ;44127 ;213367 ;245330 ;240398 ;301957 ;11035 ;36606 ;190395 ;606 
2016 ;out;63761 ;1080 ;333 ;45 ;23308 ;10787 ;4367 ;1336 ;20136 ;4977 ;3362 ;20465 ;3934 ;14245 ;28191 ;537273 ;19545 ;47869 ;223001 ;245768 ;224995 ;294202 ;10377 ;44392 ;199354 ;670 
2016 ;nov;68411 ;1154 ;350 ;49 ;22866 ;11721 ;4552 ;1286 ;19135 ;5207 ;3646 ;20651 ;4285 ;13233 ;30705 ;529128 ;21466 ;53722 ;229470 ;249344 ;206038 ;273045 ;12257 ;47294 ;222701 ;676 
2016 ;dez;72757 ;1160 ;364 ;46 ;23886 ;12508 ;4948 ;1317 ;20233 ;5277 ;3844 ;21659 ;4526 ;13165 ;37639 ;554781 ;23612 ;52459 ;243882 ;249408 ;209798 ;282279 ;11872 ;50979 ;236776 ;753 
2017 ;Jan;69771 ;1019 ;585 ;49 ;27726 ;12161 ;5265 ;1298 ;18661 ;5064 ;3635 ;22105 ;3846 ;13560 ;31772 ;534424 ;25160 ;55922 ;238772 ;249176 ;206001 ;292091 ;13087 ;49903 ;219160 ;725 
2017 ;fev;57780 ;881 ;490 ;48 ;23740 ;10637 ;4661 ;1300 ;16720 ;4728 ;3385 ;19300 ;3526 ;11419 ;26839 ;473039 ;22446 ;49455 ;206069 ;215258 ;179016 ;249430 ;11533 ;43824 ;196622 ;620 
2017 ;mar;58261 ;854 ;430 ;49 ;24889 ;11917 ;5040 ;1452 ;18967 ;5727 ;3909 ;20282 ;3408 ;11961 ;29520 ;498165 ;23920 ;51343 ;234074 ;222782 ;187507 ;259275 ;11738 ;44661 ;197058 ;683 
2017 ;abr;53312 ;784 ;497 ;56 ;22363 ;11433 ;4775 ;1155 ;20763 ;5910 ;4736 ;18783 ;3269 ;11384 ;27306 ;447815 ;21123 ;47613 ;232003 ;212592 ;177354 ;236390 ;9530 ;43370 ;196734 ;609 
2017 ;maio;57247 ;856 ;533 ;49 ;24918 ;12619 ;5347 ;1234 ;22364 ;5997 ;5541 ;20696 ;4050 ;13208 ;28363 ;466266 ;20858 ;48938 ;238459 ;224941 ;195999 ;254331 ;8274 ;44660 ;200536 ;641 
2017 ;jun;58441 ;879 ;542 ;64 ;25065 ;11937 ;5683 ;1346 ;21883 ;5671 ;4653 ;21197 ;4538 ;15338 ;26750 ;463774 ;19229 ;47477 ;235029 ;230723 ;213491 ;267698 ;8532 ;42957 ;195804 ;657 
2017 ;jul;52003 ;971 ;685 ;91 ;24816 ;10968 ;5653 ;1426 ;20003 ;6042 ;5294 ;20125 ;5264 ;14627 ;26685 ;483727 ;18988 ;49500 ;243289 ;255153 ;259913 ;304528 ;8953 ;39288 ;199830 ;648 
2017 ;agos;44180 ;916 ;613 ;82 ;21266 ;9521 ;5003 ;1505 ;20307 ;6297 ;5030 ;21358 ;5169 ;13918 ;29310 ;505461 ;18432 ;49397 ;242051 ;267343 ;280700 ;324357 ;7952 ;37636 ;199225 ;681 
2017 ;set;49820 ;960 ;677 ;78 ;17603 ;9651 ;4504 ;1464 ;20956 ;6246 ;4396 ;19880 ;5194 ;13372 ;29883 ;504901 ;17326 ;48334 ;235914 ;267301 ;273884 ;325304 ;8235 ;37034 ;199478 ;720 
2017 ;out;61296 ;1186 ;747 ;103 ;17616 ;8118 ;4000 ;1493 ;19875 ;6435 ;4835 ;19424 ;4698 ;13906 ;31536 ;523252 ;19796 ;49817 ;255978 ;262938 ;263652 ;308257 ;9253 ;43333 ;208352 ;813 
2017 ;nov;66851 ;1258 ;751 ;158 ;22371 ;9451 ;4335 ;1372 ;18640 ;6147 ;4493 ;18628 ;4619 ;12798 ;33788 ;528430 ;22465 ;49403 ;255937 ;255360 ;259009 ;296205 ;10788 ;49406 ;220247 ;835 
2017 ;dez;70174 ;1223 ;775 ;146 ;24326 ;12645 ;5387 ;1360 ;19032 ;5967 ;4357 ;18890 ;4927 ;12122 ;38963 ;560976 ;26618 ;51333 ;254056 ;271115 ;261455 ;308169 ;11065 ;51941 ;232374 ;848 
2018 ;Jan;66481 ;1027 ;713 ;128 ;24190 ;11704 ;5689 ;1330 ;20711 ;5415 ;4643 ;19265 ;5167 ;12155 ;39219 ;551988 ;26631 ;53718 ;234807 ;266969 ;227239 ;302826 ;11564 ;50755 ;216003 ;884 
2018 ;fev;54616 ;845 ;625 ;134 ;19928 ;10191 ;5186 ;1203 ;19681 ;5225 ;4379 ;17425 ;4613 ;11734 ;35095 ;476316 ;24019 ;49688 ;215321 ;236603 ;196513 ;258228 ;10218 ;43498 ;188281 ;786 
2018 ;mar;53869 ;816 ;656 ;126 ;20490 ;10309 ;5255 ;1343 ;21985 ;5582 ;4942 ;18638 ;5086 ;13464 ;38528 ;495852 ;25305 ;51904 ;229695 ;245730 ;202594 ;262403 ;9576 ;43850 ;199093 ;769 
2018 ;abr;50464 ;795 ;683 ;114 ;19322 ;9597 ;5028 ;1203 ;21166 ;5972 ;5269 ;18786 ;5303 ;13534 ;35352 ;488644 ;21914 ;45093 ;221000 ;230930 ;193193 ;245226 ;8813 ;42787 ;181716 ;743 
2018 ;maio;51461 ;927 ;766 ;99 ;20407 ;10454 ;5329 ;1369 ;20148 ;6214 ;5449 ;18749 ;5996 ;14326 ;33223 ;445765 ;22963 ;38578 ;178783 ;213948 ;178701 ;230987 ;8368 ;42063 ;177550 ;947 
2018 ;jun;52919 ;922 ;812 ;84 ;20427 ;10104 ;5494 ;1325 ;20605 ;5788 ;4929 ;19786 ;5774 ;15066 ;32658 ;463051 ;22033 ;38874 ;221229 ;234200 ;200070 ;263846 ;7140 ;39877 ;184582 ;768 
2018 ;jul;48832 ;996 ;772 ;93 ;18567 ;8757 ;5080 ;1435 ;23566 ;6084 ;5240 ;20008 ;5342 ;16953 ;33542 ;475240 ;23443 ;42940 ;240331 ;265808 ;240428 ;292964 ;7358 ;37256 ;214570 ;814 
2018 ;agos;45650 ;985 ;772 ;94 ;17381 ;7728 ;4433 ;1521 ;23660 ;6361 ;5190 ;20302 ;5434 ;18012 ;33698 ;503409 ;22853 ;42724 ;235144 ;277845 ;260707 ;319636 ;6803 ;34293 ;224073 ;796 
2018 ;set;46936 ;999 ;753 ;96 ;18761 ;8126 ;4076 ;1439 ;23135 ;6477 ;5147 ;20290 ;5481 ;17482 ;31702 ;500663 ;22354 ;44279 ;228586 ;277332 ;263296 ;312782 ;6929 ;35715 ;216675 ;778 
2018 ;out;58767 ;1197 ;815 ;132 ;21387 ;9235 ;4531 ;1552 ;25189 ;6863 ;6158 ;22444 ;6430 ;18317 ;31945 ;547893 ;27745 ;42542 ;250101 ;279679 ;261969 ;308243 ;8969 ;46929 ;232269 ;932 
2018 ;nov;63663 ;1179 ;848 ;142 ;23711 ;10780 ;5206 ;1540 ;25262 ;6970 ;5516 ;22696 ;6400 ;16508 ;39194 ;553101 ;28780 ;43586 ;237681 ;275832 ;244000 ;291388 ;9870 ;50967 ;244647 ;977 
2018 ;dez;65517 ;1071 ;875 ;123 ;24481 ;11917 ;5989 ;1574 ;25699 ;6785 ;5507 ;22868 ;6320 ;17725 ;43505 ;570090 ;29864 ;42991 ;235032 ;286743 ;254730 ;300136 ;10014 ;54099 ;246391 ;915 
2019 ;Jan;62531 ;998 ;803 ;92 ;24574 ;11642 ;6272 ;1527 ;27601 ;6083 ;6399 ;22679 ;6565 ;16812 ;42774 ;557028 ;23405 ;47931 ;239609 ;285586 ;234810 ;283942 ;10649 ;50165 ;235730 ;899 
2019 ;fev;52915 ;783 ;750 ;70 ;20340 ;10556 ;5833 ;1350 ;24899 ;6089 ;6139 ;19785 ;5802 ;14802 ;35660 ;485008 ;20212 ;43411 ;209999 ;253492 ;193515 ;250614 ;9164 ;44059 ;216544 ;851 
2019 ;mar;53232 ;744 ;668 ;59 ;20458 ;10990 ;5622 ;1405 ;27236 ;6377 ;6864 ;21353 ;6414 ;16374 ;38895 ;536660 ;22447 ;43609 ;223417 ;262036 ;204214 ;263692 ;9759 ;44955 ;226953 ;974 
2019 ;abr;44935 ;669 ;697 ;45 ;19728 ;10660 ;5265 ;1340 ;27274 ;6242 ;6581 ;21022 ;6700 ;16521 ;40081 ;483106 ;20826 ;43942 ;219355 ;248306 ;200237 ;235875 ;10891 ;40986 ;198828 ;929 
2019 ;maio;47581 ;804 ;748 ;49 ;21551 ;11256 ;5863 ;1306 ;27400 ;6214 ;6332 ;21667 ;6430 ;16773 ;40773 ;488111 ;20630 ;46162 ;227113 ;257861 ;209753 ;249403 ;10732 ;42241 ;207772 ;973 
2019 ;jun;46069 ;826 ;871 ;60 ;21853 ;11042 ;5800 ;1332 ;26385 ;5877 ;5238 ;20708 ;5956 ;16444 ;36825 ;484415 ;18927 ;46130 ;216221 ;263016 ;220584 ;262424 ;9813 ;39114 ;207620 ;902 
2019 ;jul;46642 ;952 ;828 ;0 ;21436 ;10786 ;5793 ;1633 ;26743 ;6274 ;5364 ;22393 ;6265 ;16388 ;37070 ;513611 ;19401 ;42262 ;226471 ;284456 ;233440 ;288037 ;8000 ;36408 ;213358 ;827 
2019 ;agos;40107 ;951 ;720 ;0 ;18991 ;10024 ;5238 ;1702 ;27082 ;6494 ;5664 ;22623 ;6256 ;17337 ;36409 ;527083 ;18978 ;41899 ;233520 ;298999 ;252954 ;297643 ;8100 ;33797 ;214686 ;969 
2019 ;set;44708 ;987 ;680 ;0 ;16734 ;8911 ;4507 ;1701 ;27330 ;6493 ;5631 ;21523 ;5386 ;16704 ;37396 ;512500 ;18362 ;36733 ;231256 ;289266 ;255422 ;292231 ;8111 ;32887 ;204020 ;994 
2019 ;out;56961 ;1181 ;838 ;0 ;18922 ;10716 ;4974 ;1777 ;28582 ;6720 ;5956 ;21706 ;5500 ;17052 ;37679 ;555704 ;20518 ;42346 ;248637 ;283216 ;261334 ;288170 ;8350 ;42148 ;233183 ;865 
2019 ;nov;60751 ;1191 ;883 ;0 ;21662 ;12347 ;5609 ;1681 ;27159 ;6829 ;5696 ;20923 ;5544 ;17689 ;36589 ;554107 ;20857 ;44657 ;252886 ;286383 ;243298 ;266465 ;9639 ;47707 ;234464 ;920 
2019 ;dez;63972 ;1166 ;852 ;0 ;22472 ;13306 ;6262 ;1641 ;28253 ;6910 ;5642 ;22145 ;5869 ;19105 ;41395 ;587862 ;22742 ;44689 ;257926 ;295248 ;251092 ;276914 ;11727 ;51379 ;243182 ;1014 
2020 ;Jan;63057 ;1106 ;1173 ;0 ;22449 ;13855 ;6731 ;1704 ;27373 ;6509 ;6312 ;21035 ;5487 ;18851 ;45667 ;585523 ;23191 ;42901 ;245323 ;302724 ;251674 ;276506 ;14955 ;51116 ;236225 ;0 
2020 ;fev;54121 ;963 ;714 ;0 ;19819 ;12080 ;6000 ;1553 ;26124 ;6381 ;6606 ;19239 ;5416 ;18499 ;44920 ;533527 ;20581 ;40379 ;219103 ;273579 ;228778 ;260585 ;13159 ;45424 ;207681 ;0 
2020 ;mar;54275 ;943 ;892 ;0 ;20322 ;11908 ;6073 ;1624 ;28545 ;6989 ;6830 ;20733 ;5642 ;20102 ;48634 ;552839 ;21928 ;41127 ;230186 ;276587 ;226246 ;250807 ;11316 ;44764 ;218573 ;0 
2020 ;abr;54039 ;885 ;0 ;0 ;18318 ;10679 ;5235 ;1286 ;27361 ;6603 ;6082 ;21100 ;5980 ;21607 ;47141 ;511064 ;19260 ;42938 ;219673 ;249137 ;217022 ;226370 ;12592 ;42090 ;201093 ;721 
2020 ;maio;52891 ;979 ;687 ;0 ;18231 ;11015 ;5758 ;1340 ;27434 ;6607 ;5822 ;22874 ;5547 ;24275 ;45066 ;496084 ;18655 ;41780 ;219861 ;249541 ;208718 ;250213 ;11185 ;39810 ;191588 ;0 
2020 ;jun;51136 ;1068 ;0 ;0 ;18888 ;11434 ;5540 ;1319 ;27458 ;6019 ;5782 ;21940 ;5530 ;23758 ;42535 ;482614 ;17933 ;38466 ;216735 ;261856 ;226912 ;250372 ;9603 ;35695 ;185022 ;0 
2020 ;jul;50726 ;1203 ;703 ;0 ;19291 ;10666 ;5310 ;1424 ;27428 ;6179 ;5267 ;22322 ;5334 ;22888 ;44219 ;547717 ;19132 ;39016 ;221694 ;311779 ;246153 ;297770 ;9410 ;33999 ;193079 ;0 
2020 ;agos;41311 ;1051 ;671 ;0 ;16966 ;8684 ;4732 ;1481 ;26649 ;6288 ;5109 ;21788 ;5214 ;23132 ;45025 ;541055 ;19564 ;38401 ;241122 ;322069 ;260408 ;317280 ;8748 ;32493 ;209115 ;0 
2020 ;set;35738 ;924 ;703 ;0 ;16292 ;7973 ;4280 ;1584 ;26466 ;5973 ;5126 ;21040 ;5424 ;21919 ;45535 ;538853 ;19323 ;40570 ;236525 ;322903 ;262639 ;306770 ;9466 ;30828 ;206863 ;0 
2020 ;out;51875 ;1123 ;831 ;0 ;15739 ;8989 ;4420 ;1609 ;29113 ;6044 ;5314 ;22091 ;4704 ;22590 ;48577 ;562311 ;21209 ;48213 ;231034 ;314574 ;260626 ;312587 ;10010 ;36344 ;215082 ;0 
2020 ;nov;61136 ;1169 ;844 ;0 ;17631 ;10680 ;5233 ;1519 ;27716 ;5882 ;4953 ;22735 ;5325 ;23161 ;53309 ;572870 ;24330 ;46463 ;227796 ;310865 ;241440 ;286407 ;11480 ;41679 ;219143 ;0 
2020 ;dez;67348 ;1195 ;1018 ;0 ;19498 ;12725 ;6088 ;1608 ;29697 ;6084 ;5545 ;23832 ;5399 ;24489 ;57290 ;592459 ;26537 ;47039 ;240096 ;322651 ;261680 ;300003 ;13175 ;46178 ;230311 ;0 
2021 ;Jan;65456 ;1116 ;918 ;0 ;20092 ;12950 ;5797 ;1378 ;27573 ;5584 ;4989 ;22342 ;5477 ;23706 ;53538 ;599959 ;26139 ;46437 ;223663 ;319477 ;272705 ;306787 ;13244 ;46971 ;241656 ;0 
2021 ;fev;54966 ;889 ;809 ;0 ;17979 ;10693 ;5287 ;1295 ;24271 ;5084 ;4943 ;19920 ;5214 ;21174 ;50434 ;507945 ;22244 ;40087 ;206407 ;282261 ;234562 ;262228 ;12093 ;41569 ;218347 ;0 
2021 ;mar;55620 ;893 ;872 ;0 ;18886 ;10412 ;5288 ;1274 ;28599 ;5968 ;6170 ;21373 ;5525 ;24356 ;56939 ;553633 ;23653 ;46307 ;224774 ;288132 ;239615 ;271085 ;12422 ;39642 ;234598 ;0 
2021 ;abr;31581 ;761 ;681 ;0 ;17618 ;9418 ;4689 ;1097 ;29054 ;5976 ;5998 ;22331 ;5298 ;23725 ;51815 ;510885 ;21237 ;40111 ;200705 ;262666 ;215929 ;241343 ;9865 ;37518 ;195442 ;0 
2021 ;maio;46899 ;839 ;639 ;0 ;18487 ;10043 ;4731 ;1074 ;30021 ;6389 ;6067 ;24555 ;6138 ;25890 ;51310 ;477036 ;19094 ;38567 ;210676 ;274803 ;211712 ;258642 ;8748 ;36579 ;191029 ;0 
2021 ;jun;46268 ;897 ;700 ;0 ;18582 ;10137 ;5095 ;1100 ;26435 ;5968 ;5345 ;22781 ;6485 ;25615 ;47303 ;457273 ;16739 ;36662 ;206693 ;278260 ;227753 ;250318 ;8558 ;33619 ;193665 ;0 
2021 ;jul;39301 ;879 ;741 ;0 ;18732 ;10269 ;4533 ;1139 ;28537 ;5790 ;5368 ;23158 ;5314 ;27198 ;44219 ;477162 ;15798 ;35610 ;214765 ;293439 ;251311 ;306762 ;9169 ;30677 ;189822 ;0 
2021 ;agos;31734 ;707 ;704 ;0 ;16572 ;9344 ;4181 ;1245 ;29087 ;6084 ;5610 ;22669 ;5535 ;27405 ;41957 ;488177 ;15311 ;39126 ;221929 ;302813 ;268673 ;318272 ;8563 ;28523 ;193228 ;0 
2021 ;set;35270 ;685 ;795 ;0 ;18377 ;9408 ;4099 ;1289 ;29327 ;5981 ;5479 ;21759 ;5492 ;24886 ;41505 ;492490 ;15970 ;40511 ;214634 ;308914 ;263780 ;307957 ;9029 ;28796 ;191619 ;0 
2021 ;out;55482 ;881 ;784 ;0 ;22202 ;11533 ;4505 ;1310 ;29276 ;6280 ;5823 ;23569 ;6259 ;26714 ;45990 ;528070 ;17801 ;42495 ;217194 ;294398 ;262817 ;297165 ;9327 ;35693 ;193833 ;0 
2021 ;nov;59943 ;1017 ;774 ;0 ;22286 ;12257 ;4910 ;1500 ;28813 ;6204 ;6108 ;24072 ;6764 ;27227 ;53941 ;545210 ;20581 ;42070 ;213407 ;299173 ;244227 ;284898 ;11005 ;40296 ;198361 ;0 
2021 ;dez;63257 ;1029 ;760 ;0 ;21848 ;12511 ;5397 ;1499 ;30058 ;6100 ;6724 ;25724 ;6882 ;29154 ;56191 ;571071 ;21801 ;40477 ;213091 ;301169 ;252905 ;278512 ;12043 ;42905 ;202655 ;0 
2022 ;Jan;51821 ;936 ;730 ;0 ;19715 ;11616 ;5022 ;1439 ;31873 ;5460 ;7708 ;26152 ;7337 ;31467 ;54690 ;544985 ;20765 ;39404 ;203754 ;293714 ;244972 ;257659 ;11400 ;41648 ;186049 ;0 
2022 ;fev;42678 ;752 ;599 ;0 ;16811 ;10240 ;4511 ;1363 ;29214 ;5312 ;6719 ;23061 ;6126 ;27676 ;49955 ;481862 ;18483 ;34182 ;183878 ;266670 ;224310 ;238473 ;10155 ;34600 ;169914 ;0 
2022 ;mar;42237 ;694 ;604 ;0 ;17162 ;10424 ;4612 ;1466 ;30799 ;6021 ;6979 ;24366 ;6449 ;30210 ;51707 ;487136 ;18634 ;37702 ;203408 ;281455 ;225190 ;250735 ;10097 ;35706 ;181786 ;0 
2022 ;abr;40501 ;621 ;538 ;0 ;15870 ;9736 ;4372 ;1147 ;28314 ;5888 ;6704 ;23012 ;6692 ;30251 ;46046 ;454694 ;16582 ;34395 ;194109 ;259066 ;220146 ;219261 ;9391 ;30694 ;170280 ;0 
2022 ;maio;41016 ;706 ;648 ;0 ;17061 ;10332 ;4634 ;1159 ;28064 ;5697 ;6635 ;23538 ;7387 ;31666 ;45042 ;461952 ;15500 ;36644 ;195254 ;269680 ;224195 ;235048 ;8900 ;29532 ;160596 ;0 
2022 ;jun;39590 ;684 ;950 ;0 ;17168 ;10334 ;4619 ;1160 ;26511 ;5253 ;6110 ;20990 ;6893 ;31551 ;40554 ;441280 ;14028 ;31736 ;195347 ;266119 ;228711 ;232549 ;8021 ;25831 ;152930 ;0 
2022 ;jul;36184 ;727 ;683 ;0 ;17318 ;9789 ;4697 ;1659 ;29718 ;5455 ;6016 ;21426 ;6783 ;32078 ;38889 ;468956 ;13248 ;38239 ;204523 ;296825 ;280349 ;280308 ;8067 ;25156 ;182235 ;0 
2022 ;agos;34539 ;714 ;686 ;0 ;16039 ;8779 ;4228 ;1681 ;29831 ;5619 ;6097 ;22713 ;7299 ;32133 ;39972 ;483834 ;13880 ;38396 ;206848 ;309673 ;286999 ;310294 ;7721 ;25916 ;194615 ;0 
2022 ;set;35501 ;709 ;710 ;0 ;13835 ;7129 ;3730 ;1767 ;31081 ;5808 ;6053 ;23639 ;6767 ;32790 ;39675 ;486069 ;13064 ;36305 ;200656 ;297013 ;283058 ;303694 ;8417 ;25234 ;186633 ;0 
2022 ;out;46471 ;852 ;848 ;0 ;15151 ;7108 ;3621 ;1312 ;33864 ;6110 ;6057 ;23894 ;5709 ;33987 ;42092 ;529240 ;16303 ;39624 ;211176 ;299184 ;262059 ;296130 ;8775 ;29561 ;195032 ;0 
2022 ;nov;48727 ;1016 ;795 ;0 ;17066 ;8832 ;3970 ;1343 ;33191 ;5973 ;6340 ;25193 ;5783 ;34533 ;44464 ;510862 ;18403 ;38083 ;198119 ;297055 ;252631 ;273386 ;9656 ;34605 ;196841 ;0 
2022 ;dez;53154 ;1089 ;845 ;0 ;19737 ;10494 ;4683 ;1548 ;36803 ;6262 ;7432 ;25207 ;6432 ;36985 ;49227 ;523571 ;19908 ;43489 ;207443 ;300564 ;253581 ;277109 ;9957 ;36221 ;202060 ;0 
2023 ;Jan;51380 ;1051 ;932 ;0 ;18585 ;10916 ;4572 ;1260 ;35850 ;6359 ;7445 ;24698 ;12373 ;39108 ;52622 ;518335 ;22473 ;42352 ;214811 ;310663 ;253533 ;271205 ;11666 ;36520 ;190450 ;0 
2023 ;fev;43261 ;803 ;758 ;0 ;15766 ;9676 ;4330 ;1199 ;33542 ;6090 ;7275 ;23963 ;9600 ;34814 ;44727 ;454202 ;19853 ;37457 ;180191 ;273430 ;231117 ;228712 ;10611 ;32667 ;166489 ;0 
2023 ;mar;44150 ;790 ;812 ;0 ;16588 ;9778 ;4519 ;1191 ;36295 ;6526 ;8135 ;25110 ;10420 ;38846 ;47063 ;480065 ;20498 ;40266 ;191049 ;286011 ;241393 ;264059 ;11945 ;33902 ;176786 ;0 
2023 ;abr;43188 ;694 ;720 ;0 ;15341 ;9095 ;4416 ;1165 ;33598 ;6813 ;7187 ;24935 ;10675 ;39326 ;44656 ;446542 ;19126 ;38878 ;181566 ;277008 ;236397 ;232804 ;10873 ;30876 ;174144 ;0 
2023 ;maio;46066 ;793 ;793 ;0 ;16976 ;9995 ;4891 ;1252 ;35044 ;6871 ;7477 ;25589 ;10784 ;41061 ;49453 ;452643 ;20576 ;39782 ;185760 ;294132 ;251929 ;243340 ;10730 ;31680 ;177597 ;0 
2023 ;jun;45817 ;883 ;842 ;0 ;15624 ;9026 ;4494 ;1357 ;32817 ;6996 ;6978 ;24565 ;10115 ;39638 ;45580 ;434344 ;18315 ;38759 ;188022 ;291758 ;263957 ;245834 ;9872 ;29052 ;168158 ;0 
2023 ;jul;43049 ;958 ;929 ;0 ;14232 ;7921 ;4092 ;1432 ;33929 ;6601 ;6700 ;22234 ;10886 ;37885 ;42697 ;471885 ;18033 ;39835 ;191136 ;316438 ;301594 ;284395 ;9754 ;27508 ;174523 ;0 
2023 ;agos;39110 ;874 ;907 ;0 ;12557 ;6977 ;3577 ;1565 ;34491 ;7508 ;6869 ;21828 ;10329 ;36406 ;43282 ;498958 ;18906 ;40164 ;191742 ;328370 ;304484 ;304307 ;9483 ;28049 ;188324 ;0 
2023 ;set;44091 ;911 ;936 ;0 ;12241 ;7030 ;3066 ;1683 ;34658 ;7576 ;6914 ;20884 ;10525 ;34720 ;43869 ;510483 ;21934 ;41420 ;181547 ;320403 ;293015 ;284045 ;9423 ;28747 ;189163 ;0 
2023 ;out;51608 ;1064 ;950 ;0 ;15332 ;8687 ;3127 ;1816 ;37949 ;7641 ;8468 ;21601 ;11031 ;36217 ;44914 ;542966 ;24830 ;41743 ;200683 ;324106 ;280873 ;280439 ;11153 ;33315 ;197481 ;0 
2023 ;nov;53991 ;1153 ;982 ;0 ;15101 ;10360 ;3459 ;1746 ;36506 ;7601 ;8383 ;22408 ;10916 ;34960 ;44634 ;530321 ;23973 ;42690 ;189115 ;310356 ;267701 ;253599 ;12111 ;34844 ;197200 ;0 
2023 ;dez;58426 ;1119 ;983 ;0 ;16133 ;11630 ;4227 ;1747 ;38137 ;7482 ;8426 ;23319 ;11297 ;36656 ;44702 ;536984 ;23796 ;43309 ;193734 ;324392 ;275575 ;264166 ;13012 ;38682 ;208720 ;0 
2024 ;Jan;57446 ;1182 ;992 ;0 ;19291 ;11622 ;4915 ;1772 ;38350 ;7268 ;9046 ;23223 ;11705 ;38248 ;50197 ;560808 ;23176 ;43590 ;192142 ;316651 ;272573 ;254267 ;12174 ;38837 ;204287 ;0 
2024 ;fev;50639 ;963 ;870 ;0 ;17715 ;10731 ;4255 ;1603 ;34597 ;6706 ;8430 ;21583 ;11889 ;38811 ;48632 ;498571 ;21642 ;39760 ;174582 ;288493 ;254994 ;231860 ;10801 ;35210 ;176052 ;0 
2024 ;mar;49513 ;854 ;855 ;0 ;17311 ;10927 ;4513 ;1580 ;37349 ;7354 ;9056 ;23001 ;11646 ;41342 ;50527 ;511878 ;21071 ;42539 ;182306 ;292290 ;256629 ;236084 ;10662 ;34480 ;177679 ;0 
2024 ;abr;44945 ;843 ;795 ;0 ;16246 ;10369 ;4174 ;1599 ;34893 ;8365 ;9412 ;25097 ;12355 ;40876 ;50468 ;490411 ;21300 ;40202 ;184745 ;286749 ;242484 ;215327 ;9627 ;31095 ;168185 ;0 
2024 ;maio;46322 ;888 ;857 ;0 ;16831 ;10582 ;4263 ;1754 ;34779 ;8515 ;9067 ;26087 ;12071 ;45059 ;50653 ;479155 ;20849 ;38874 ;188037 ;293577 ;253389 ;207137 ;8516 ;30488 ;174022 ;0 
2024 ;jun;42549 ;832 ;866 ;0 ;17195 ;9614 ;4336 ;1764 ;32592 ;8219 ;8273 ;25019 ;11046 ;41277 ;45643 ;458678 ;18807 ;36752 ;175678 ;300494 ;250322 ;226954 ;7686 ;26943 ;168187 ;0 
